Timestamp,Makine_Calisma,Insan_Toplam_Calisma,Tespit_Edilen_Insan_Sayisi,Insan_Kirma,Insan_Tasima,Insan_Kirma_Tespit,Insan_Tasima_Tespit,108_Durumu,106_Durumu,Insan_Durumu
0,True,False,0.0,False,False,False,False,-1,-1,-1
1,True,False,0.0,False,False,False,False,-1,-1,-1
2,True,False,0.0,False,False,False,False,-1,-1,-1
3,True,False,1.0,False,False,False,False,-1,-1,-1
4,True,False,1.0,False,False,False,False,-1,-1,-1
5,True,False,0.0,False,False,False,False,-1,-1,-1
6,True,False,0.0,False,False,False,False,-1,-1,-1
7,True,False,0.0,False,False,False,False,-1,-1,-1
8,True,False,0.0,False,False,False,False,-1,-1,-1
9,True,False,0.0,False,False,False,False,-1,-1,-1
10,True,False,0.0,False,False,False,False,-1,-1,-1
11,True,False,0.0,False,False,False,False,-1,-1,-1
12,True,False,0.0,False,False,False,False,-1,-1,-1
13,True,False,0.0,False,False,False,False,-1,-1,-1
14,True,False,0.0,False,False,False,False,-1,-1,-1
15,True,False,0.0,False,False,False,False,-1,-1,-1
16,True,False,0.0,False,False,False,False,-1,-1,-1
17,True,False,0.0,False,False,False,False,-1,-1,-1
18,True,False,0.0,False,False,False,False,-1,-1,-1
19,True,False,0.0,False,False,False,False,-1,-1,-1
20,True,False,0.0,False,False,False,False,-1,-1,-1
21,True,False,0.0,False,False,False,False,-1,-1,-1
22,True,False,0.0,False,False,False,False,-1,-1,-1
23,True,False,0.0,False,False,False,False,-1,-1,-1
24,True,False,0.0,False,False,False,False,-1,-1,-1
25,True,False,0.0,False,False,False,False,-1,-1,-1
26,True,False,0.0,False,False,False,False,-1,-1,-1
27,True,False,1.0,False,False,True,False,0,-1,0
28,True,False,1.0,False,False,True,False,0,-1,0
29,True,False,1.0,False,False,True,False,0,-1,0
30,True,False,1.0,False,False,True,False,0,-1,0
31,True,False,1.0,False,False,True,False,0,-1,0
32,True,False,0.0,False,False,True,False,0,-1,0
33,True,False,0.0,False,False,True,False,0,-1,0
34,True,False,0.0,False,False,True,False,0,-1,0
35,True,False,0.0,False,False,True,False,0,-1,0
36,True,False,0.0,False,False,True,False,0,-1,0
37,True,False,0.0,False,False,True,False,0,-1,0
38,True,False,0.0,False,False,True,False,0,-1,0
39,True,False,0.0,False,False,True,False,0,-1,0
40,True,False,0.0,False,False,True,False,0,-1,0
41,True,False,0.0,False,False,True,False,0,-1,0
42,True,False,0.0,False,False,True,False,0,-1,0
43,True,False,0.0,False,False,True,False,0,-1,0
44,True,False,0.0,False,False,True,False,0,-1,0
45,True,False,0.0,False,False,True,False,0,-1,0
46,True,False,0.0,False,False,True,False,0,-1,0
47,True,False,0.0,False,False,True,False,0,-1,0
48,True,False,0.0,False,False,True,False,0,-1,0
49,True,False,0.0,False,False,True,False,0,-1,0
50,True,False,0.0,False,False,True,False,0,-1,0
51,True,False,0.0,False,False,True,False,0,-1,0
52,True,False,0.0,False,False,True,False,0,-1,0
53,True,False,1.0,False,False,True,False,0,-1,0
54,True,False,0.0,False,False,True,False,0,-1,0
55,True,False,0.0,False,False,True,False,0,-1,0
56,True,False,0.0,False,False,True,False,0,-1,0
57,True,False,0.0,False,False,True,False,0,-1,0
58,True,False,0.0,False,False,True,False,0,-1,0
59,True,False,0.0,False,False,True,False,0,-1,0
60,True,False,0.0,False,False,True,False,0,-1,0
61,True,False,0.0,False,False,True,False,0,-1,0
62,True,False,0.0,False,False,True,False,0,-1,0
63,True,False,0.0,False,False,True,False,0,-1,0
64,True,False,0.0,False,False,True,False,0,-1,0
65,True,False,0.0,False,False,True,False,0,-1,0
66,True,False,0.0,False,False,True,False,0,-1,0
67,True,False,0.0,False,False,True,False,0,-1,0
68,True,False,0.0,False,False,True,False,0,-1,0
69,True,False,0.0,False,False,True,False,0,-1,0
70,True,False,0.0,False,False,True,False,0,-1,0
71,True,False,1.0,False,False,True,False,0,-1,0
72,True,False,1.0,False,False,True,False,0,-1,0
73,True,False,1.0,False,False,True,False,0,-1,0
74,True,False,1.0,False,False,True,False,0,-1,0
75,True,False,1.0,False,False,True,False,0,-1,0
76,True,False,1.0,False,False,True,False,0,-1,0
77,True,False,1.0,False,False,True,False,0,-1,0
78,True,False,1.0,False,False,True,False,0,-1,0
79,True,False,1.0,False,False,True,False,0,-1,0
80,True,False,1.0,False,False,True,False,0,-1,0
81,True,False,1.0,False,False,True,False,0,-1,0
82,True,False,1.0,False,False,True,False,0,-1,0
83,True,False,1.0,False,False,True,False,0,-1,0
84,True,False,1.0,False,False,True,False,0,-1,0
85,True,False,1.0,False,False,True,False,0,-1,0
86,True,False,1.0,False,False,True,False,0,-1,0
87,True,False,1.0,False,False,True,False,0,-1,0
88,True,True,1.0,True,False,True,False,1,-1,1
89,True,True,1.0,True,False,True,False,1,-1,1
90,True,True,1.0,True,False,True,False,1,-1,1
91,True,True,1.0,True,False,True,False,1,-1,1
92,True,True,1.0,True,False,True,False,1,-1,1
93,True,True,1.0,True,False,True,False,1,-1,1
94,True,True,1.0,True,False,True,False,1,-1,1
95,True,True,1.0,True,False,True,False,1,-1,1
96,True,True,1.0,True,False,True,False,1,-1,1
97,True,True,1.0,True,False,True,False,1,-1,1
98,True,True,2.0,True,False,True,True,1,1,2
99,True,True,2.0,True,False,True,True,1,1,2
100,True,True,2.0,True,False,True,True,1,1,2
101,True,True,2.0,True,False,True,True,1,1,2
102,True,True,2.0,True,False,True,True,1,1,2
103,True,True,2.0,True,False,True,True,1,1,2
104,True,True,2.0,True,False,True,True,1,1,2
105,True,True,2.0,True,False,True,True,1,1,2
106,True,True,2.0,True,False,True,True,1,1,2
107,True,False,1.0,False,False,True,True,0,1,0
108,True,False,1.0,False,False,True,True,0,1,0
109,True,False,1.0,False,False,True,True,0,1,0
110,True,False,1.0,False,False,True,True,0,1,0
111,True,False,1.0,False,False,True,True,0,1,0
112,True,False,1.0,False,False,True,True,0,1,0
113,True,False,1.0,False,False,True,True,0,1,0
114,True,False,2.0,False,False,True,True,0,1,0
115,True,False,1.0,False,False,True,True,0,1,0
116,True,False,0.0,False,False,True,True,0,1,0
117,True,False,0.0,False,False,True,True,0,1,0
118,True,False,0.0,False,False,True,True,0,1,0
119,True,False,0.0,False,False,True,True,0,1,0
120,True,False,0.0,False,False,True,True,0,1,0
121,True,False,0.0,False,False,True,True,0,1,0
122,True,False,1.0,False,False,True,True,0,1,0
123,True,False,1.0,False,False,True,True,0,1,0
124,True,False,1.0,False,False,True,True,0,1,0
125,True,False,1.0,False,False,True,True,0,1,0
126,True,False,1.0,False,False,True,True,0,1,0
127,True,False,1.0,False,False,True,True,0,1,0
128,True,False,2.0,False,False,True,True,0,1,0
129,True,False,2.0,False,False,True,True,0,1,0
130,True,False,2.0,False,False,True,True,0,1,0
131,True,True,2.0,True,False,True,True,1,1,2
132,True,True,2.0,True,False,True,True,1,1,2
133,True,True,1.0,True,False,True,False,1,-1,1
134,True,True,1.0,True,False,True,False,1,-1,1
135,True,True,1.0,True,False,True,False,1,-1,1
136,True,True,1.0,True,False,True,False,1,-1,1
137,True,True,1.0,True,False,True,False,1,-1,1
138,True,True,1.0,True,False,True,False,1,-1,1
139,True,True,1.0,True,False,True,False,1,-1,1
140,True,True,1.0,True,False,True,False,1,-1,1
141,True,True,1.0,True,False,True,False,1,-1,1
142,True,True,1.0,True,False,True,False,1,-1,1
143,True,True,1.0,True,False,True,False,1,-1,1
144,True,True,1.0,True,False,True,False,1,-1,1
145,True,True,1.0,True,False,True,False,1,-1,1
146,True,True,1.0,True,False,True,False,1,-1,1
147,True,True,1.0,True,False,True,False,1,-1,1
148,True,True,1.0,True,False,True,False,1,-1,1
149,True,True,1.0,True,False,True,False,1,-1,1
150,True,True,1.0,True,False,True,False,1,-1,1
151,True,True,1.0,True,False,True,False,1,-1,1
152,True,True,1.0,True,False,True,False,1,-1,1
153,True,True,1.0,True,False,True,False,1,-1,1
154,True,True,1.0,True,False,True,False,1,-1,1
155,True,True,1.0,True,False,True,False,1,-1,1
156,True,True,1.0,True,False,True,False,1,-1,1
157,True,True,1.0,True,False,True,False,1,-1,1
158,True,True,1.0,True,False,True,False,1,-1,1
159,True,True,1.0,True,False,True,False,1,-1,1
160,True,True,1.0,True,False,True,False,1,-1,1
161,True,True,1.0,True,False,True,False,1,-1,1
162,True,True,1.0,True,False,True,False,1,-1,1
163,True,True,1.0,True,False,True,False,1,-1,1
164,True,True,1.0,True,False,True,False,1,-1,1
165,True,True,1.0,True,False,True,False,1,-1,1
166,True,True,1.0,True,False,True,False,1,-1,1
167,True,True,1.0,True,False,True,False,1,-1,1
168,True,True,1.0,True,False,True,False,1,-1,1
169,True,True,1.0,True,False,True,False,1,-1,1
170,True,True,1.0,True,False,True,False,1,-1,1
171,True,True,1.0,True,False,True,False,1,-1,1
172,True,True,1.0,True,False,True,False,1,-1,1
173,True,True,1.0,True,False,True,False,1,-1,1
174,True,True,1.0,True,False,True,False,1,-1,1
175,True,True,1.0,True,False,True,False,1,-1,1
176,True,True,1.0,True,False,True,False,1,-1,1
177,True,True,1.0,True,False,True,False,1,-1,1
178,True,True,1.0,True,False,True,False,1,-1,1
179,True,True,1.0,True,False,True,False,1,-1,1
180,True,True,1.0,True,False,True,False,1,-1,1
181,True,True,1.0,True,False,True,False,1,-1,1
182,True,True,1.0,True,False,True,False,1,-1,1
183,True,True,1.0,True,False,True,False,1,-1,1
184,True,True,1.0,True,False,True,False,1,-1,1
185,True,True,1.0,True,False,True,False,1,-1,1
186,True,True,1.0,True,False,True,False,1,-1,1
187,True,True,1.0,True,False,True,False,1,-1,1
188,True,True,1.0,True,False,True,False,1,-1,1
189,True,True,1.0,True,False,True,False,1,-1,1
190,True,True,1.0,True,False,True,False,1,-1,1
191,True,True,1.0,True,False,True,False,1,-1,1
192,True,True,1.0,True,False,True,False,1,-1,1
193,True,True,1.0,True,False,True,False,1,-1,1
194,True,True,1.0,True,False,True,False,1,-1,1
195,True,True,1.0,True,False,True,False,1,-1,1
196,True,True,0.0,True,False,True,False,1,-1,1
197,True,True,0.0,True,False,True,False,1,-1,1
198,True,True,0.0,True,False,True,False,1,-1,1
199,True,True,0.0,True,False,True,False,1,-1,1
200,True,True,0.0,True,False,True,False,1,-1,1
201,True,True,1.0,True,False,True,True,1,1,2
202,True,True,1.0,True,False,True,True,1,1,2
203,True,True,1.0,True,False,True,True,1,1,2
204,False,True,1.0,True,False,True,True,1,1,2
205,False,True,1.0,True,False,True,True,1,1,2
206,False,True,1.0,True,False,True,True,1,1,2
207,False,True,1.0,True,False,True,True,1,1,2
208,False,True,2.0,True,False,True,True,1,1,2
209,False,True,2.0,True,False,True,True,1,1,2
210,False,True,2.0,True,False,True,True,1,1,2
211,False,True,2.0,True,False,True,True,1,1,2
212,False,True,1.0,True,False,True,True,1,1,2
213,False,True,2.0,True,False,True,True,1,1,2
214,False,True,1.0,True,False,True,False,1,-1,1
215,False,True,1.0,True,False,True,False,1,-1,1
216,False,True,1.0,True,False,True,False,1,-1,1
217,False,True,1.0,True,False,True,False,1,-1,1
218,False,True,1.0,True,False,True,False,1,-1,1
219,False,True,1.0,True,False,True,False,1,-1,1
220,False,True,1.0,True,False,True,False,1,-1,1
221,False,True,1.0,True,False,True,False,1,-1,1
222,False,True,1.0,True,False,True,False,1,-1,1
223,False,True,1.0,True,False,True,False,1,-1,1
224,False,True,1.0,True,False,True,False,1,-1,1
225,False,True,1.0,True,False,True,False,1,-1,1
226,False,True,1.0,True,False,True,False,1,-1,1
227,False,True,1.0,True,False,True,False,1,-1,1
228,False,True,1.0,True,False,True,False,1,-1,1
229,False,True,1.0,True,False,True,False,1,-1,1
230,False,True,0.0,True,False,True,False,1,-1,1
231,False,True,1.0,True,False,True,False,1,-1,1
232,False,True,0.0,True,False,True,False,1,-1,1
233,False,True,0.0,True,False,True,False,1,-1,1
234,False,True,0.0,True,False,True,False,1,-1,1
235,False,True,1.0,True,False,True,False,1,-1,1
236,False,True,1.0,True,False,True,False,1,-1,1
237,False,True,1.0,True,False,True,False,1,-1,1
238,False,True,1.0,True,False,True,False,1,-1,1
239,False,True,0.0,True,False,True,False,1,-1,1
240,False,True,0.0,True,False,True,False,1,-1,1
241,False,True,0.0,True,False,True,False,1,-1,1
242,False,True,1.0,True,False,True,False,1,-1,1
243,False,False,0.0,False,False,False,False,-1,-1,-1
244,False,False,1.0,False,False,False,True,-1,1,-1
245,False,False,1.0,False,False,False,True,-1,1,-1
246,False,False,1.0,False,False,False,True,-1,1,-1
247,False,False,1.0,False,False,False,True,-1,1,-1
248,False,False,0.0,False,False,False,True,-1,1,-1
249,False,False,0.0,False,False,False,True,-1,1,-1
250,False,False,0.0,False,False,False,True,-1,1,-1
251,False,False,0.0,False,False,False,True,-1,1,-1
252,False,False,0.0,False,False,False,True,-1,1,-1
253,False,False,0.0,False,False,False,True,-1,1,-1
254,False,False,0.0,False,False,False,True,-1,1,-1
255,False,False,0.0,False,False,False,True,-1,1,-1
256,False,False,0.0,False,False,False,True,-1,1,-1
257,False,False,0.0,False,False,False,True,-1,1,-1
258,False,False,0.0,False,False,False,True,-1,1,-1
259,False,False,1.0,False,False,False,True,-1,1,-1
260,False,False,1.0,False,False,False,True,-1,1,-1
261,False,False,1.0,False,False,False,True,-1,1,-1
262,False,False,1.0,False,False,False,True,-1,1,-1
263,False,False,1.0,False,False,False,True,-1,1,-1
264,False,False,1.0,False,False,False,True,-1,1,-1
265,False,False,1.0,False,False,False,True,-1,1,-1
266,False,False,1.0,False,False,False,True,-1,1,-1
267,False,False,1.0,False,False,False,True,-1,1,-1
268,False,False,1.0,False,False,False,True,-1,1,-1
269,False,False,1.0,False,False,False,True,-1,1,-1
270,False,False,1.0,False,False,False,True,-1,1,-1
271,False,False,1.0,False,False,False,True,-1,1,-1
272,False,False,1.0,False,False,False,True,-1,1,-1
273,False,False,1.0,False,False,False,True,-1,1,-1
274,False,False,1.0,False,False,False,True,-1,1,-1
275,False,False,1.0,False,False,False,True,-1,1,-1
276,False,False,1.0,False,False,False,True,-1,1,-1
277,False,False,1.0,False,False,False,True,-1,1,-1
278,False,False,1.0,False,False,False,True,-1,1,-1
279,False,False,1.0,False,False,False,True,-1,1,-1
280,False,False,1.0,False,False,False,True,-1,1,-1
281,False,False,1.0,False,False,False,True,-1,1,-1
282,False,False,1.0,False,False,False,True,-1,1,-1
283,False,False,1.0,False,False,False,True,-1,1,-1
284,False,False,1.0,False,False,False,True,-1,1,-1
285,False,False,1.0,False,False,False,True,-1,1,-1
286,False,False,1.0,False,False,False,True,-1,1,-1
287,False,False,1.0,False,False,False,True,-1,1,-1
288,False,False,1.0,False,False,False,True,-1,1,-1
289,False,False,1.0,False,False,False,True,-1,1,-1
290,False,False,1.0,False,False,False,True,-1,1,-1
291,False,False,1.0,False,False,False,True,-1,1,-1
292,False,False,1.0,False,False,False,True,-1,1,-1
293,False,False,1.0,False,False,False,True,-1,1,-1
294,False,False,1.0,False,False,False,True,-1,1,-1
295,False,False,1.0,False,False,False,True,-1,1,-1
296,False,False,1.0,False,False,False,True,-1,1,-1
297,False,False,1.0,False,False,False,True,-1,1,-1
298,False,False,1.0,False,False,False,True,-1,1,-1
299,False,False,1.0,False,False,False,True,-1,1,-1
300,False,False,1.0,False,False,False,True,-1,1,-1
301,False,False,1.0,False,False,False,True,-1,1,-1
302,False,False,1.0,False,False,False,True,-1,1,-1
303,False,False,1.0,False,False,False,True,-1,1,-1
304,False,False,1.0,False,False,False,True,-1,1,-1
305,False,False,1.0,False,False,False,True,-1,1,-1
306,False,False,1.0,False,False,False,True,-1,1,-1
307,False,False,1.0,False,False,False,True,-1,1,-1
308,False,False,1.0,False,False,False,True,-1,1,-1
309,False,False,1.0,False,False,False,True,-1,1,-1
310,False,False,1.0,False,False,False,True,-1,1,-1
311,False,False,1.0,False,False,False,True,-1,1,-1
312,False,False,1.0,False,False,False,True,-1,1,-1
313,False,False,1.0,False,False,False,True,-1,1,-1
314,False,False,1.0,False,False,False,True,-1,1,-1
315,False,False,1.0,False,False,False,True,-1,1,-1
316,False,False,1.0,False,False,False,True,-1,1,-1
317,False,False,1.0,False,False,False,True,-1,1,-1
318,False,False,2.0,False,False,True,True,0,1,0
319,False,False,2.0,False,False,True,True,0,1,0
320,False,False,2.0,False,False,True,True,0,1,0
321,False,False,2.0,False,False,True,True,0,1,0
322,False,False,1.0,False,False,True,False,0,-1,0
323,False,False,1.0,False,False,True,False,0,-1,0
324,False,False,1.0,False,False,True,False,0,-1,0
325,False,True,1.0,True,False,True,False,1,-1,1
326,False,True,1.0,True,False,True,False,1,-1,1
327,False,True,1.0,True,False,True,False,1,-1,1
328,False,True,1.0,True,False,True,False,1,-1,1
329,False,True,1.0,True,False,True,False,1,-1,1
330,True,True,1.0,True,False,True,False,1,-1,1
331,True,True,1.0,True,False,True,False,1,-1,1
332,True,True,1.0,True,False,True,False,1,-1,1
333,True,True,1.0,True,False,True,False,1,-1,1
334,True,True,1.0,True,False,True,False,1,-1,1
335,True,True,1.0,True,False,True,False,1,-1,1
336,True,True,1.0,True,False,True,False,1,-1,1
337,True,True,1.0,True,False,True,False,1,-1,1
338,True,True,1.0,True,False,True,False,1,-1,1
339,True,True,1.0,True,False,True,False,1,-1,1
340,True,True,1.0,True,False,True,False,1,-1,1
341,True,True,1.0,True,False,True,False,1,-1,1
342,True,True,1.0,True,False,True,False,1,-1,1
343,True,True,1.0,True,False,True,False,1,-1,1
344,True,True,1.0,True,False,True,False,1,-1,1
345,True,True,1.0,True,False,True,False,1,-1,1
346,True,True,1.0,True,False,True,False,1,-1,1
347,True,True,1.0,True,False,True,False,1,-1,1
348,True,True,1.0,True,False,True,False,1,-1,1
349,True,True,1.0,True,False,True,False,1,-1,1
350,True,True,1.0,True,False,True,False,1,-1,1
351,True,True,1.0,True,False,True,False,1,-1,1
352,True,True,1.0,True,False,True,False,1,-1,1
353,True,True,1.0,True,False,True,False,1,-1,1
354,True,True,1.0,True,False,True,False,1,-1,1
355,True,True,1.0,True,False,True,False,1,-1,1
356,True,True,1.0,True,False,True,False,1,-1,1
357,True,True,1.0,True,False,True,False,1,-1,1
358,True,True,1.0,True,False,True,False,1,-1,1
359,True,True,1.0,True,False,True,False,1,-1,1
360,True,True,1.0,True,False,True,False,1,-1,1
361,True,True,1.0,True,False,True,False,1,-1,1
362,True,True,1.0,True,False,True,False,1,-1,1
363,True,True,1.0,True,False,True,False,1,-1,1
364,True,True,1.0,True,False,True,False,1,-1,1
365,True,True,1.0,True,False,True,False,1,-1,1
366,True,True,1.0,True,False,True,False,1,-1,1
367,True,True,1.0,True,False,True,False,1,-1,1
368,True,True,2.0,True,False,True,True,1,1,2
369,True,True,1.0,True,False,True,False,1,-1,1
370,True,True,1.0,True,False,True,True,1,1,2
371,True,True,1.0,True,False,True,True,1,1,2
372,True,True,1.0,True,False,True,True,1,1,2
373,True,True,2.0,True,False,True,True,1,1,2
374,True,True,2.0,True,False,True,True,1,1,2
375,True,True,2.0,True,False,True,True,1,1,2
376,True,True,1.0,True,False,True,True,1,1,2
377,True,True,1.0,True,False,True,True,1,1,2
378,True,True,1.0,True,False,True,True,1,1,2
379,True,True,1.0,True,False,True,True,1,1,2
380,True,True,1.0,True,False,True,True,1,1,2
381,True,True,1.0,True,False,True,True,1,1,2
382,True,True,1.0,True,False,True,True,1,1,2
383,True,True,1.0,True,False,True,True,1,1,2
384,True,True,1.0,True,False,True,True,1,1,2
385,True,True,1.0,True,False,True,True,1,1,2
386,True,True,2.0,True,False,True,True,1,1,2
387,True,True,2.0,True,False,True,True,1,1,2
388,True,True,3.0,True,False,True,True,1,1,2
389,True,True,2.0,True,False,True,True,1,1,2
390,True,True,1.0,True,False,True,True,1,1,2
391,True,True,1.0,True,False,True,True,1,1,2
392,True,True,1.0,True,False,True,True,1,1,2
393,True,True,1.0,True,False,True,True,1,1,2
394,True,True,1.0,True,False,True,True,1,1,2
395,True,True,1.0,True,False,True,True,1,1,2
396,True,True,2.0,True,False,True,True,1,1,2
397,True,True,4.0,True,False,True,True,1,1,2
398,True,True,2.0,True,False,True,True,1,1,2
399,True,True,1.0,True,False,True,True,1,1,2
400,True,True,2.0,True,False,True,True,1,1,2
401,True,True,2.0,True,False,True,True,1,1,2
402,True,True,2.0,True,False,True,True,1,1,2
403,True,True,2.0,True,False,True,True,1,1,2
404,True,True,2.0,True,False,True,True,1,1,2
405,True,True,2.0,True,False,True,True,1,1,2
406,True,True,2.0,True,False,True,True,1,1,2
407,True,True,2.0,True,False,True,True,1,1,2
408,True,True,2.0,True,False,True,True,1,1,2
409,True,True,2.0,True,True,True,True,1,1,2
410,True,True,2.0,True,True,True,True,1,1,2
411,True,True,2.0,True,True,True,True,1,1,2
412,True,True,2.0,True,False,True,True,1,1,2
413,True,True,2.0,True,False,True,True,1,1,2
414,True,True,2.0,True,False,True,True,1,1,2
415,True,True,2.0,True,False,True,True,1,1,2
416,True,True,2.0,True,False,True,True,1,1,2
417,True,True,2.0,True,False,True,True,1,1,2
418,True,True,2.0,True,False,True,True,1,1,2
419,True,True,2.0,True,False,True,True,1,1,2
420,True,True,2.0,True,False,True,True,1,1,2
421,True,True,2.0,True,False,True,True,1,1,2
422,True,True,2.0,True,False,True,True,1,1,2
423,True,True,2.0,True,False,True,True,1,1,2
424,True,True,2.0,True,False,True,True,1,1,2
425,True,True,2.0,True,False,True,True,1,1,2
426,True,True,2.0,True,False,True,True,1,1,2
427,True,True,2.0,True,False,True,True,1,1,2
428,True,True,2.0,True,False,True,True,1,1,2
429,True,True,2.0,True,False,True,True,1,1,2
430,True,True,2.0,True,False,True,True,1,1,2
431,True,True,2.0,True,False,True,True,1,1,2
432,True,True,2.0,True,False,True,True,1,1,2
433,True,True,2.0,True,False,True,True,1,1,2
434,True,True,1.0,True,False,True,True,1,1,2
435,True,True,2.0,True,False,True,True,1,1,2
436,True,True,2.0,True,False,True,True,1,1,2
437,True,True,2.0,True,False,True,True,1,1,2
438,True,True,2.0,True,False,True,True,1,1,2
439,True,True,2.0,True,True,True,True,1,1,2
440,True,True,2.0,True,False,True,True,1,1,2
441,True,True,2.0,True,True,True,True,1,1,2
442,True,True,2.0,True,True,True,True,1,1,2
443,True,True,2.0,True,True,True,True,1,1,2
444,True,True,2.0,True,True,True,True,1,1,2
445,True,True,2.0,True,True,True,True,1,1,2
446,True,True,2.0,True,True,True,True,1,1,2
447,True,True,2.0,True,True,True,True,1,1,2
448,True,True,2.0,True,True,True,True,1,1,2
449,True,True,2.0,True,True,True,True,1,1,2
450,True,True,2.0,True,True,True,True,1,1,2
451,True,True,2.0,True,True,True,True,1,1,2
452,True,True,2.0,True,True,True,True,1,1,2
453,True,True,2.0,True,True,True,True,1,1,2
454,True,True,2.0,True,True,True,True,1,1,2
455,True,True,2.0,True,True,True,True,1,1,2
456,True,True,2.0,True,True,True,True,1,1,2
457,True,True,2.0,True,True,True,True,1,1,2
458,True,True,2.0,True,True,True,True,1,1,2
459,True,True,2.0,True,True,True,True,1,1,2
460,True,True,2.0,True,True,True,True,1,1,2
461,True,True,2.0,True,True,True,True,1,1,2
462,True,True,2.0,True,True,True,True,1,1,2
463,True,True,2.0,True,True,True,True,1,1,2
464,True,True,2.0,True,True,True,True,1,1,2
465,True,True,2.0,True,True,True,True,1,1,2
466,True,True,2.0,True,True,True,True,1,1,2
467,True,True,2.0,True,True,True,True,1,1,2
468,True,True,2.0,True,True,True,True,1,1,2
469,True,True,2.0,True,True,True,True,1,1,2
470,True,True,2.0,True,True,True,True,1,1,2
471,True,True,2.0,True,True,True,True,1,1,2
472,True,True,2.0,True,True,True,True,1,1,2
473,True,True,2.0,True,True,True,True,1,1,2
474,True,True,2.0,True,True,True,True,1,1,2
475,True,True,2.0,True,True,True,True,1,1,2
476,True,True,2.0,True,True,True,True,1,1,2
477,True,True,2.0,True,True,True,True,1,1,2
478,True,True,2.0,True,True,True,True,1,1,2
479,True,True,2.0,True,True,True,True,1,1,2
480,True,True,2.0,True,True,True,True,1,1,2
481,True,True,2.0,True,True,True,True,1,1,2
482,True,True,2.0,True,True,True,True,1,1,2
483,True,True,2.0,True,True,True,True,1,1,2
484,True,True,2.0,True,True,True,True,1,1,2
485,True,True,2.0,True,True,True,True,1,1,2
486,True,True,2.0,True,True,True,True,1,1,2
487,True,True,2.0,True,True,True,True,1,1,2
488,True,True,2.0,True,True,True,True,1,1,2
489,True,True,2.0,True,True,True,True,1,1,2
490,True,True,2.0,True,True,True,True,1,1,2
491,True,True,2.0,True,True,True,True,1,1,2
492,True,True,2.0,True,True,True,True,1,1,2
493,True,True,2.0,True,True,True,True,1,1,2
494,True,True,2.0,True,True,True,True,1,1,2
495,True,True,2.0,True,True,True,True,1,1,2
496,True,True,2.0,True,True,True,True,1,1,2
497,True,True,2.0,True,True,True,True,1,1,2
498,True,True,2.0,True,True,True,True,1,1,2
499,True,True,2.0,True,True,True,True,1,1,2
500,True,True,2.0,True,True,True,True,1,1,2
501,True,True,2.0,True,True,True,True,1,1,2
502,True,True,2.0,True,True,True,True,1,1,2
503,True,True,2.0,True,True,True,True,1,1,2
504,True,True,2.0,True,True,True,True,1,1,2
505,True,True,2.0,True,True,True,True,1,1,2
506,True,True,2.0,True,True,True,True,1,1,2
507,True,True,2.0,True,True,True,True,1,1,2
508,True,True,2.0,True,True,True,True,1,1,2
509,True,True,2.0,True,True,True,True,1,1,2
510,True,True,2.0,True,True,True,True,1,1,2
511,True,True,2.0,True,True,True,True,1,1,2
512,True,True,2.0,True,True,True,True,1,1,2
513,True,True,2.0,True,True,True,True,1,1,2
514,True,True,2.0,True,True,True,True,1,1,2
515,True,True,2.0,True,True,True,True,1,1,2
516,True,True,2.0,True,True,True,True,1,1,2
517,True,True,2.0,True,True,True,True,1,1,2
518,True,True,2.0,True,True,True,True,1,1,2
519,True,True,2.0,True,True,True,True,1,1,2
520,True,True,2.0,True,True,True,True,1,1,2
521,True,True,2.0,True,True,True,True,1,1,2
522,True,True,2.0,True,True,True,True,1,1,2
523,True,True,2.0,True,True,True,True,1,1,2
524,True,True,2.0,True,True,True,True,1,1,2
525,True,True,2.0,True,True,True,True,1,1,2
526,True,True,2.0,True,True,True,True,1,1,2
527,True,True,2.0,True,True,True,True,1,1,2
528,True,True,2.0,True,True,True,True,1,1,2
529,True,True,2.0,True,True,True,True,1,1,2
530,True,True,2.0,True,True,True,True,1,1,2
531,True,True,2.0,True,True,True,True,1,1,2
532,True,True,2.0,True,True,True,True,1,1,2
533,True,True,2.0,True,True,True,True,1,1,2
534,True,True,2.0,True,True,True,True,1,1,2
535,True,True,2.0,True,True,True,True,1,1,2
536,True,True,2.0,True,True,True,True,1,1,2
537,True,True,2.0,True,True,True,True,1,1,2
538,True,True,2.0,True,True,True,True,1,1,2
539,True,True,2.0,True,False,True,True,1,1,2
540,True,True,2.0,True,False,True,True,1,1,2
541,True,True,2.0,True,False,True,True,1,1,2
542,True,True,2.0,True,False,True,True,1,1,2
543,True,True,2.0,True,False,True,True,1,1,2
544,True,True,2.0,True,False,True,True,1,1,2
545,True,True,2.0,True,False,True,True,1,1,2
546,True,True,2.0,True,False,True,True,1,1,2
547,True,True,2.0,True,False,True,True,1,1,2
548,True,True,2.0,True,False,True,True,1,1,2
549,True,True,2.0,True,False,True,True,1,1,2
550,True,True,2.0,True,False,True,True,1,1,2
551,True,True,2.0,True,False,True,True,1,1,2
552,True,True,2.0,True,False,True,True,1,1,2
553,True,True,2.0,True,False,True,True,1,1,2
554,True,True,2.0,True,False,True,True,1,1,2
555,True,True,2.0,True,False,True,True,1,1,2
556,True,True,1.0,True,False,True,True,1,1,2
557,True,True,2.0,True,False,True,True,1,1,2
558,True,True,2.0,True,False,True,True,1,1,2
559,True,True,2.0,True,False,True,True,1,1,2
560,True,True,2.0,True,False,True,True,1,1,2
561,True,True,2.0,True,True,True,True,1,1,2
562,True,True,2.0,True,False,True,True,1,1,2
563,True,True,2.0,True,True,True,True,1,1,2
564,True,True,2.0,True,True,True,True,1,1,2
565,True,True,2.0,True,True,True,True,1,1,2
566,True,True,2.0,True,True,True,True,1,1,2
567,True,True,2.0,True,True,True,True,1,1,2
568,True,True,2.0,True,True,True,True,1,1,2
569,True,True,2.0,True,True,True,True,1,1,2
570,True,True,2.0,True,True,True,True,1,1,2
571,True,True,2.0,True,True,True,True,1,1,2
572,True,True,2.0,True,True,True,True,1,1,2
573,True,True,2.0,True,True,True,True,1,1,2
574,True,True,2.0,True,True,True,True,1,1,2
575,True,True,2.0,True,True,True,True,1,1,2
576,True,True,2.0,True,True,True,True,1,1,2
577,True,True,2.0,True,True,True,True,1,1,2
578,True,True,2.0,True,True,True,True,1,1,2
579,True,True,2.0,True,True,True,True,1,1,2
580,True,True,2.0,True,True,True,True,1,1,2
581,True,True,2.0,True,True,True,True,1,1,2
582,True,True,2.0,True,True,True,True,1,1,2
583,True,True,2.0,True,True,True,True,1,1,2
584,True,True,2.0,True,True,True,True,1,1,2
585,True,True,2.0,True,True,True,True,1,1,2
586,True,True,1.0,True,True,True,True,1,1,2
587,True,True,2.0,True,True,True,True,1,1,2
588,True,True,2.0,True,True,True,True,1,1,2
589,True,True,2.0,True,True,True,True,1,1,2
590,True,True,2.0,True,True,True,True,1,1,2
591,True,True,2.0,True,True,True,True,1,1,2
592,True,True,2.0,True,True,True,True,1,1,2
593,True,True,2.0,True,True,True,True,1,1,2
594,True,True,2.0,True,True,True,True,1,1,2
595,True,True,2.0,True,True,True,True,1,1,2
596,True,True,2.0,True,True,True,True,1,1,2
597,True,True,2.0,True,True,True,True,1,1,2
598,True,True,2.0,True,True,True,True,1,1,2
599,True,True,2.0,True,True,True,True,1,1,2
600,True,True,2.0,True,True,True,True,1,1,2
601,True,True,2.0,True,True,True,True,1,1,2
602,True,True,2.0,True,True,True,True,1,1,2
603,True,True,2.0,True,True,True,True,1,1,2
604,True,True,2.0,True,True,True,True,1,1,2
605,True,True,2.0,True,True,True,True,1,1,2
606,True,True,2.0,True,True,True,True,1,1,2
607,True,True,2.0,True,True,True,True,1,1,2
608,True,True,2.0,True,True,True,True,1,1,2
609,True,True,2.0,True,True,True,True,1,1,2
610,True,True,2.0,True,True,True,True,1,1,2
611,True,True,2.0,True,True,True,True,1,1,2
612,True,True,3.0,True,True,True,True,1,1,2
613,True,True,3.0,True,True,True,True,1,1,2
614,True,True,3.0,True,True,True,True,1,1,2
615,True,True,2.0,True,True,True,True,1,1,2
616,True,True,2.0,True,True,True,True,1,1,2
617,True,True,2.0,True,True,True,True,1,1,2
618,True,True,2.0,True,True,True,True,1,1,2
619,True,True,2.0,True,True,True,True,1,1,2
620,True,True,2.0,True,True,True,True,1,1,2
621,True,True,2.0,True,True,True,True,1,1,2
622,True,True,2.0,True,True,True,True,1,1,2
623,True,True,2.0,True,True,True,True,1,1,2
624,True,True,2.0,True,True,True,True,1,1,2
625,True,True,2.0,True,True,True,True,1,1,2
626,True,True,2.0,True,True,True,True,1,1,2
627,True,True,2.0,True,True,True,True,1,1,2
628,True,True,2.0,True,True,True,True,1,1,2
629,True,True,2.0,True,True,True,True,1,1,2
630,True,True,2.0,True,True,True,True,1,1,2
631,True,True,2.0,True,True,True,True,1,1,2
632,True,True,2.0,True,True,True,True,1,1,2
633,True,True,2.0,True,True,True,True,1,1,2
634,True,True,1.0,True,True,True,True,1,1,2
635,True,True,2.0,True,True,True,True,1,1,2
636,True,True,2.0,True,True,True,True,1,1,2
637,True,True,2.0,True,True,True,True,1,1,2
638,True,True,2.0,True,True,True,True,1,1,2
639,True,True,3.0,True,True,True,True,1,1,2
640,True,True,2.0,True,True,True,True,1,1,2
641,True,True,2.0,True,True,True,True,1,1,2
642,True,True,2.0,True,True,True,True,1,1,2
643,True,True,2.0,True,True,True,True,1,1,2
644,True,True,2.0,True,True,True,True,1,1,2
645,True,True,2.0,True,True,True,True,1,1,2
646,True,True,2.0,True,True,True,True,1,1,2
647,True,True,2.0,True,True,True,True,1,1,2
648,True,True,2.0,True,True,True,True,1,1,2
649,True,True,2.0,True,True,True,True,1,1,2
650,True,True,2.0,True,True,True,True,1,1,2
651,True,True,2.0,True,True,True,True,1,1,2
652,True,True,2.0,True,True,True,True,1,1,2
653,True,True,2.0,True,True,True,True,1,1,2
654,True,True,2.0,True,True,True,True,1,1,2
655,True,True,2.0,True,True,True,True,1,1,2
656,True,True,2.0,True,True,True,True,1,1,2
657,True,True,2.0,True,True,True,True,1,1,2
658,True,True,2.0,True,True,True,True,1,1,2
659,True,True,2.0,True,True,True,True,1,1,2
660,False,True,2.0,True,True,True,True,1,1,2
661,False,True,2.0,True,True,True,True,1,1,2
662,False,True,2.0,True,True,True,True,1,1,2
663,False,True,2.0,True,True,True,True,1,1,2
664,False,True,2.0,True,True,True,True,1,1,2
665,False,True,2.0,True,True,True,True,1,1,2
666,False,True,2.0,True,True,True,True,1,1,2
667,False,True,2.0,True,True,True,True,1,1,2
668,False,True,2.0,True,True,True,True,1,1,2
669,False,True,2.0,True,True,True,True,1,1,2
670,False,True,2.0,True,True,True,True,1,1,2
671,False,True,2.0,True,True,True,True,1,1,2
672,False,True,2.0,True,True,True,True,1,1,2
673,False,True,2.0,True,True,True,True,1,1,2
674,False,True,2.0,True,True,True,True,1,1,2
675,False,True,2.0,True,True,True,True,1,1,2
676,False,True,2.0,True,True,True,True,1,1,2
677,False,True,2.0,True,True,True,True,1,1,2
678,False,True,2.0,True,True,True,True,1,1,2
679,False,True,2.0,True,True,True,True,1,1,2
680,False,True,2.0,True,True,True,True,1,1,2
681,False,True,2.0,True,True,True,True,1,1,2
682,False,True,2.0,True,True,True,True,1,1,2
683,False,True,2.0,True,True,True,True,1,1,2
684,False,True,2.0,True,True,True,True,1,1,2
685,False,True,2.0,True,True,True,True,1,1,2
686,False,True,2.0,True,True,True,True,1,1,2
687,False,True,2.0,True,True,True,True,1,1,2
688,False,True,1.0,True,True,True,True,1,1,2
689,False,True,2.0,True,True,True,True,1,1,2
690,False,True,2.0,True,True,True,True,1,1,2
691,False,True,2.0,True,True,True,True,1,1,2
692,False,True,2.0,True,True,True,True,1,1,2
693,False,True,2.0,True,True,True,True,1,1,2
694,False,True,2.0,True,True,True,True,1,1,2
695,False,True,2.0,True,True,True,True,1,1,2
696,False,True,2.0,True,True,True,True,1,1,2
697,False,True,2.0,True,True,True,True,1,1,2
698,False,True,2.0,True,True,True,True,1,1,2
699,False,True,2.0,True,True,True,True,1,1,2
700,False,True,2.0,True,True,True,True,1,1,2
701,False,True,2.0,True,True,True,True,1,1,2
702,False,True,2.0,True,True,True,True,1,1,2
703,False,True,2.0,True,True,True,True,1,1,2
704,False,True,2.0,True,True,True,True,1,1,2
705,False,True,2.0,True,True,True,True,1,1,2
706,False,True,2.0,True,True,True,True,1,1,2
707,False,True,2.0,True,True,True,True,1,1,2
708,False,True,2.0,True,True,True,True,1,1,2
709,False,True,2.0,True,True,True,True,1,1,2
710,False,True,2.0,True,True,True,True,1,1,2
711,False,True,2.0,True,True,True,True,1,1,2
712,False,True,2.0,True,True,True,True,1,1,2
713,False,True,2.0,True,True,True,True,1,1,2
714,False,True,2.0,True,True,True,True,1,1,2
715,False,True,2.0,True,True,True,True,1,1,2
716,False,True,2.0,True,True,True,True,1,1,2
717,False,True,2.0,True,True,True,True,1,1,2
718,False,True,2.0,True,True,True,True,1,1,2
719,False,True,2.0,True,True,True,True,1,1,2
720,False,True,2.0,True,True,True,True,1,1,2
721,False,True,2.0,True,True,True,True,1,1,2
722,False,True,2.0,True,True,True,True,1,1,2
723,False,True,2.0,True,True,True,True,1,1,2
724,False,True,2.0,True,True,True,True,1,1,2
725,False,True,2.0,True,False,True,True,1,1,2
726,False,True,1.0,True,False,True,True,1,1,2
727,False,True,1.0,True,False,True,True,1,1,2
728,False,True,1.0,True,False,True,True,1,1,2
729,False,True,1.0,True,False,True,True,1,1,2
730,False,True,1.0,True,False,True,True,1,1,2
731,False,True,2.0,True,False,True,True,1,1,2
732,False,True,2.0,True,False,True,True,1,1,2
733,False,True,2.0,True,False,True,True,1,1,2
734,False,True,2.0,True,False,True,True,1,1,2
735,False,True,2.0,True,False,True,True,1,1,2
736,False,True,2.0,True,False,True,True,1,1,2
737,False,True,2.0,True,False,True,True,1,1,2
738,False,True,2.0,True,False,True,True,1,1,2
739,False,True,2.0,True,False,True,True,1,1,2
740,False,True,2.0,True,False,True,True,1,1,2
741,False,True,2.0,True,False,True,True,1,1,2
742,False,True,2.0,True,False,True,True,1,1,2
743,False,True,2.0,True,False,True,True,1,1,2
744,False,True,2.0,True,False,True,True,1,1,2
745,False,True,2.0,True,False,True,True,1,1,2
746,False,True,2.0,True,False,True,True,1,1,2
747,False,True,2.0,True,False,True,True,1,1,2
748,False,True,2.0,True,False,True,True,1,1,2
749,False,True,3.0,True,False,True,True,1,1,2
750,False,True,2.0,True,False,True,True,1,1,2
751,False,True,2.0,True,False,True,True,1,1,2
752,False,True,2.0,True,False,True,True,1,1,2
753,False,True,2.0,True,False,True,True,1,1,2
754,False,True,3.0,True,False,True,True,1,1,2
755,False,True,2.0,True,False,True,True,1,1,2
756,False,True,2.0,True,False,True,True,1,1,2
757,False,True,3.0,True,False,True,True,1,1,2
758,False,True,2.0,True,False,True,True,1,1,2
759,False,True,2.0,True,False,True,True,1,1,2
760,False,True,2.0,True,False,True,True,1,1,2
761,False,True,2.0,True,False,True,True,1,1,2
762,False,True,1.0,True,False,True,True,1,1,2
763,False,True,2.0,True,False,True,True,1,1,2
764,False,True,2.0,True,False,True,True,1,1,2
765,False,True,2.0,True,False,True,True,1,1,2
766,False,True,2.0,True,True,True,True,1,1,2
767,False,True,2.0,True,False,True,True,1,1,2
768,False,True,2.0,True,True,True,True,1,1,2
769,False,True,2.0,True,True,True,True,1,1,2
770,False,True,2.0,True,True,True,True,1,1,2
771,False,True,2.0,True,True,True,True,1,1,2
772,False,True,2.0,True,True,True,True,1,1,2
773,False,True,2.0,True,True,True,True,1,1,2
774,False,True,2.0,True,True,True,True,1,1,2
775,False,True,2.0,True,True,True,True,1,1,2
776,False,True,2.0,True,True,True,True,1,1,2
777,False,True,2.0,True,True,True,True,1,1,2
778,False,True,2.0,True,True,True,True,1,1,2
779,False,True,3.0,True,True,True,True,1,1,2
780,False,True,2.0,True,True,True,True,1,1,2
781,False,True,2.0,True,True,True,True,1,1,2
782,False,True,2.0,True,True,True,True,1,1,2
783,False,True,2.0,True,True,True,True,1,1,2
784,False,True,2.0,True,True,True,True,1,1,2
785,False,True,2.0,True,True,True,True,1,1,2
786,False,True,2.0,True,True,True,True,1,1,2
787,False,True,2.0,True,True,True,True,1,1,2
788,False,True,2.0,True,True,True,True,1,1,2
789,False,True,2.0,True,True,True,True,1,1,2
790,False,True,2.0,True,True,True,True,1,1,2
791,False,True,2.0,True,True,True,True,1,1,2
792,False,True,2.0,True,True,True,True,1,1,2
793,False,True,2.0,True,True,True,True,1,1,2
794,False,True,2.0,True,True,True,True,1,1,2
795,False,True,2.0,True,True,True,True,1,1,2
796,False,True,2.0,True,True,True,True,1,1,2
797,False,True,2.0,True,True,True,True,1,1,2
798,False,True,2.0,True,True,True,True,1,1,2
799,False,True,2.0,True,True,True,True,1,1,2
800,False,True,2.0,True,True,True,True,1,1,2
801,False,True,2.0,True,True,True,True,1,1,2
802,False,True,2.0,True,True,True,True,1,1,2
803,False,True,2.0,True,True,True,True,1,1,2
804,False,True,2.0,True,True,True,True,1,1,2
805,False,True,2.0,True,True,True,True,1,1,2
806,False,True,2.0,True,True,True,True,1,1,2
807,False,True,2.0,True,True,True,True,1,1,2
808,False,True,2.0,True,True,True,True,1,1,2
809,False,True,2.0,True,True,True,True,1,1,2
810,False,True,2.0,True,True,True,True,1,1,2
811,False,True,2.0,True,True,True,True,1,1,2
812,False,True,2.0,True,True,True,True,1,1,2
813,False,True,2.0,True,True,True,True,1,1,2
814,False,True,2.0,True,True,True,True,1,1,2
815,False,True,2.0,True,True,True,True,1,1,2
816,False,True,2.0,True,True,True,True,1,1,2
817,False,True,2.0,True,True,True,True,1,1,2
818,False,True,2.0,True,True,True,True,1,1,2
819,False,True,2.0,True,True,True,True,1,1,2
820,False,True,2.0,True,True,True,True,1,1,2
821,False,True,2.0,True,True,True,True,1,1,2
822,False,True,2.0,True,True,True,True,1,1,2
823,False,True,2.0,True,True,True,True,1,1,2
824,False,True,1.0,True,True,True,True,1,1,2
825,False,True,2.0,True,True,True,True,1,1,2
826,False,True,2.0,True,True,True,True,1,1,2
827,False,True,2.0,True,True,True,True,1,1,2
828,False,True,2.0,True,True,True,True,1,1,2
829,False,True,2.0,True,True,True,True,1,1,2
830,False,True,2.0,True,True,True,True,1,1,2
831,False,True,2.0,True,True,True,True,1,1,2
832,False,True,2.0,True,True,True,True,1,1,2
833,False,True,2.0,True,True,True,True,1,1,2
834,False,True,2.0,True,True,True,True,1,1,2
835,False,True,2.0,True,True,True,True,1,1,2
836,False,True,2.0,True,True,True,True,1,1,2
837,False,True,2.0,True,True,True,True,1,1,2
838,False,True,2.0,True,True,True,True,1,1,2
839,False,True,2.0,True,True,True,True,1,1,2
840,False,True,2.0,True,True,True,True,1,1,2
841,False,True,2.0,True,True,True,True,1,1,2
842,False,True,2.0,True,True,True,True,1,1,2
843,False,True,2.0,True,True,True,True,1,1,2
844,False,True,2.0,True,True,True,True,1,1,2
845,False,True,2.0,True,True,True,True,1,1,2
846,False,True,2.0,True,True,True,True,1,1,2
847,False,True,2.0,True,True,True,True,1,1,2
848,False,True,2.0,True,True,True,True,1,1,2
849,False,True,2.0,True,True,True,True,1,1,2
850,False,True,2.0,True,True,True,True,1,1,2
851,False,True,2.0,True,True,True,True,1,1,2
852,False,True,2.0,True,True,True,True,1,1,2
853,False,True,2.0,True,True,True,True,1,1,2
854,False,True,2.0,True,True,True,True,1,1,2
855,False,True,2.0,True,True,True,True,1,1,2
856,False,True,2.0,True,True,True,True,1,1,2
857,False,True,2.0,True,True,True,True,1,1,2
858,False,True,2.0,True,True,True,True,1,1,2
859,False,True,2.0,True,True,True,True,1,1,2
860,False,True,2.0,True,True,True,True,1,1,2
861,False,True,2.0,True,True,True,True,1,1,2
862,False,True,2.0,True,True,True,True,1,1,2
863,False,True,2.0,True,True,True,True,1,1,2
864,False,True,2.0,True,True,True,True,1,1,2
865,False,True,2.0,True,True,True,True,1,1,2
866,False,True,2.0,True,True,True,True,1,1,2
867,False,True,2.0,True,True,True,True,1,1,2
868,False,True,2.0,True,True,True,True,1,1,2
869,False,True,2.0,True,False,True,True,1,1,2
870,False,True,2.0,True,False,True,True,1,1,2
871,False,True,2.0,True,False,True,True,1,1,2
872,False,True,2.0,True,False,True,True,1,1,2
873,False,True,2.0,True,False,True,True,1,1,2
874,False,True,2.0,True,False,True,True,1,1,2
875,False,True,2.0,True,False,True,True,1,1,2
876,False,True,2.0,True,False,True,True,1,1,2
877,False,True,2.0,True,False,True,True,1,1,2
878,False,True,2.0,True,False,True,True,1,1,2
879,False,True,2.0,True,False,True,True,1,1,2
880,False,True,2.0,True,False,True,True,1,1,2
881,False,True,2.0,True,False,True,True,1,1,2
882,False,True,2.0,True,False,True,True,1,1,2
883,False,True,2.0,True,False,True,True,1,1,2
884,False,True,2.0,True,False,True,True,1,1,2
885,False,True,2.0,True,False,True,True,1,1,2
886,False,True,2.0,True,False,True,True,1,1,2
887,False,True,1.0,True,False,True,True,1,1,2
888,False,True,2.0,True,False,True,True,1,1,2
889,False,True,2.0,True,False,True,True,1,1,2
890,False,True,2.0,True,False,True,True,1,1,2
891,False,True,2.0,True,False,True,True,1,1,2
892,False,True,2.0,True,True,True,True,1,1,2
893,False,True,2.0,True,True,True,True,1,1,2
894,False,True,2.0,True,True,True,True,1,1,2
895,False,True,2.0,True,True,True,True,1,1,2
896,False,True,2.0,True,True,True,True,1,1,2
897,False,True,2.0,True,True,True,True,1,1,2
898,False,True,2.0,True,True,True,True,1,1,2
899,False,True,2.0,True,True,True,True,1,1,2
900,False,True,2.0,True,True,True,True,1,1,2
901,False,True,4.0,True,True,True,True,1,1,2
902,False,True,3.0,True,True,True,True,1,1,2
903,False,True,2.0,True,True,True,True,1,1,2
904,False,True,2.0,True,True,True,True,1,1,2
905,False,True,2.0,True,True,True,True,1,1,2
906,False,True,2.0,True,True,True,True,1,1,2
907,False,True,2.0,True,True,True,True,1,1,2
908,False,True,2.0,True,True,True,True,1,1,2
909,False,True,2.0,True,True,True,True,1,1,2
910,False,True,2.0,True,True,True,True,1,1,2
911,False,True,2.0,True,True,True,True,1,1,2
912,False,True,2.0,True,True,True,True,1,1,2
913,False,True,2.0,True,True,True,True,1,1,2
914,False,True,2.0,True,True,True,True,1,1,2
915,False,True,2.0,True,True,True,True,1,1,2
916,False,True,2.0,True,True,True,True,1,1,2
917,False,True,2.0,True,True,True,True,1,1,2
918,False,True,2.0,True,True,True,True,1,1,2
919,False,True,2.0,True,True,True,True,1,1,2
920,False,True,2.0,True,True,True,True,1,1,2
921,False,True,2.0,True,True,True,True,1,1,2
922,False,True,2.0,True,True,True,True,1,1,2
923,False,True,2.0,True,True,True,True,1,1,2
924,False,True,2.0,True,True,True,True,1,1,2
925,False,True,2.0,True,True,True,True,1,1,2
926,False,True,2.0,True,True,True,True,1,1,2
927,False,True,2.0,True,True,True,True,1,1,2
928,False,True,2.0,True,True,True,True,1,1,2
929,False,True,2.0,True,True,True,True,1,1,2
930,False,True,2.0,True,True,True,True,1,1,2
931,False,True,2.0,True,True,True,True,1,1,2
932,False,True,2.0,True,True,True,True,1,1,2
933,False,True,2.0,True,True,True,True,1,1,2
934,False,True,2.0,True,True,True,True,1,1,2
935,False,True,2.0,True,True,True,True,1,1,2
936,False,True,2.0,True,True,True,True,1,1,2
937,False,True,2.0,True,True,True,True,1,1,2
938,False,True,2.0,True,True,True,True,1,1,2
939,False,True,2.0,True,True,True,True,1,1,2
940,False,True,2.0,True,True,True,True,1,1,2
941,False,True,2.0,True,True,True,True,1,1,2
942,False,True,2.0,True,True,True,True,1,1,2
943,False,True,2.0,True,True,True,True,1,1,2
944,False,True,2.0,True,True,True,True,1,1,2
945,False,True,2.0,True,True,True,True,1,1,2
946,False,True,2.0,True,True,True,True,1,1,2
947,False,True,2.0,True,True,True,True,1,1,2
948,False,True,2.0,True,True,True,True,1,1,2
949,False,True,2.0,True,True,True,True,1,1,2
950,False,True,2.0,True,True,True,True,1,1,2
951,False,True,2.0,True,True,True,True,1,1,2
952,False,True,2.0,True,True,True,True,1,1,2
953,False,True,2.0,True,True,True,True,1,1,2
954,False,True,2.0,True,True,True,True,1,1,2
955,False,True,2.0,True,True,True,True,1,1,2
956,False,True,2.0,True,True,True,True,1,1,2
957,False,True,2.0,True,True,True,True,1,1,2
958,False,True,2.0,True,True,True,True,1,1,2
959,False,True,2.0,True,True,True,True,1,1,2
960,False,True,2.0,True,True,True,True,1,1,2
961,False,True,2.0,True,True,True,True,1,1,2
962,False,True,2.0,True,True,True,True,1,1,2
963,False,True,2.0,True,True,True,True,1,1,2
964,False,True,2.0,True,True,True,True,1,1,2
965,False,True,2.0,True,True,True,True,1,1,2
966,False,True,2.0,True,True,True,True,1,1,2
967,False,True,2.0,True,True,True,True,1,1,2
968,False,True,2.0,True,True,True,True,1,1,2
969,False,True,2.0,True,True,True,True,1,1,2
970,False,True,2.0,True,True,True,True,1,1,2
971,False,True,2.0,True,True,True,True,1,1,2
972,False,True,2.0,True,True,True,True,1,1,2
973,False,True,2.0,True,True,True,True,1,1,2
974,False,True,2.0,True,True,True,True,1,1,2
975,False,True,2.0,True,True,True,True,1,1,2
976,False,True,2.0,True,True,True,True,1,1,2
977,False,True,2.0,True,True,True,True,1,1,2
978,False,True,2.0,True,True,True,True,1,1,2
979,False,True,2.0,True,True,True,True,1,1,2
980,False,True,2.0,True,True,True,True,1,1,2
981,False,True,2.0,True,True,True,True,1,1,2
982,False,True,2.0,True,True,True,True,1,1,2
983,False,True,2.0,True,True,True,True,1,1,2
984,False,True,2.0,True,True,True,True,1,1,2
985,False,True,2.0,True,True,True,True,1,1,2
986,False,True,2.0,True,True,True,True,1,1,2
987,False,True,2.0,True,True,True,True,1,1,2
988,False,True,2.0,True,True,True,True,1,1,2
989,False,True,2.0,True,True,True,True,1,1,2
990,False,True,2.0,True,True,True,True,1,1,2
991,False,True,2.0,True,True,True,True,1,1,2
992,False,True,2.0,True,True,True,True,1,1,2
993,False,True,2.0,True,True,True,True,1,1,2
994,False,True,2.0,True,True,True,True,1,1,2
995,False,True,2.0,True,True,True,True,1,1,2
996,False,True,2.0,True,True,True,True,1,1,2
997,False,True,2.0,True,True,True,True,1,1,2
998,False,True,2.0,True,True,True,True,1,1,2
999,False,True,2.0,True,True,True,True,1,1,2
1000,False,True,2.0,True,True,True,True,1,1,2
1001,False,True,2.0,True,True,True,True,1,1,2
1002,False,True,2.0,True,True,True,True,1,1,2
1003,False,True,2.0,True,True,True,True,1,1,2
1004,False,True,2.0,True,True,True,True,1,1,2
1005,False,True,2.0,True,True,True,True,1,1,2
1006,False,True,2.0,True,True,True,True,1,1,2
1007,False,True,2.0,True,True,True,True,1,1,2
1008,False,True,2.0,True,True,True,True,1,1,2
1009,False,True,2.0,True,True,True,True,1,1,2
1010,False,True,2.0,True,True,True,True,1,1,2
1011,False,True,2.0,True,True,True,True,1,1,2
1012,False,True,2.0,True,True,True,True,1,1,2
1013,False,True,2.0,True,True,True,True,1,1,2
1014,False,True,2.0,True,True,True,True,1,1,2
1015,False,True,2.0,True,True,True,True,1,1,2
1016,False,True,2.0,True,True,True,True,1,1,2
1017,False,True,2.0,True,True,True,True,1,1,2
1018,False,True,2.0,True,True,True,True,1,1,2
1019,False,True,2.0,True,True,True,True,1,1,2
1020,False,True,2.0,True,True,True,True,1,1,2
1021,False,True,2.0,True,True,True,True,1,1,2
1022,False,True,2.0,True,True,True,True,1,1,2
1023,False,True,2.0,True,True,True,True,1,1,2
1024,False,True,2.0,True,True,True,True,1,1,2
1025,False,True,2.0,True,True,True,True,1,1,2
1026,False,True,2.0,True,True,True,True,1,1,2
1027,False,True,2.0,True,True,True,True,1,1,2
1028,False,True,2.0,True,True,True,True,1,1,2
1029,False,True,2.0,True,True,True,True,1,1,2
1030,False,True,2.0,True,True,True,True,1,1,2
1031,False,True,2.0,True,True,True,True,1,1,2
1032,False,True,2.0,True,True,True,True,1,1,2
1033,False,True,2.0,True,True,True,True,1,1,2
1034,False,True,2.0,True,True,True,True,1,1,2
1035,False,True,2.0,True,True,True,True,1,1,2
1036,False,True,2.0,True,True,True,True,1,1,2
1037,False,True,2.0,True,True,True,True,1,1,2
1038,False,True,2.0,True,True,True,True,1,1,2
1039,False,True,2.0,True,True,True,True,1,1,2
1040,False,True,2.0,True,True,True,True,1,1,2
1041,False,True,2.0,True,True,True,True,1,1,2
1042,False,True,2.0,True,True,True,True,1,1,2
1043,False,True,2.0,True,True,True,True,1,1,2
1044,False,True,2.0,True,True,True,True,1,1,2
1045,False,True,2.0,True,True,True,True,1,1,2
1046,False,True,2.0,True,True,True,True,1,1,2
1047,False,True,2.0,True,True,True,True,1,1,2
1048,False,True,2.0,True,True,True,True,1,1,2
1049,False,True,2.0,True,True,True,True,1,1,2
1050,False,True,2.0,True,True,True,True,1,1,2
1051,False,True,2.0,True,True,True,True,1,1,2
1052,False,True,2.0,True,True,True,True,1,1,2
1053,False,True,2.0,True,True,True,True,1,1,2
1054,False,True,2.0,True,True,True,True,1,1,2
1055,False,True,2.0,True,True,True,True,1,1,2
1056,False,True,2.0,True,True,True,True,1,1,2
1057,False,True,2.0,True,True,True,True,1,1,2
1058,False,True,2.0,True,True,True,True,1,1,2
1059,False,True,2.0,True,True,True,True,1,1,2
1060,False,True,2.0,True,True,True,True,1,1,2
1061,False,True,2.0,True,True,True,True,1,1,2
1062,False,True,2.0,True,True,True,True,1,1,2
1063,False,True,2.0,True,False,True,True,1,1,2
1064,False,True,2.0,True,False,True,True,1,1,2
1065,False,True,2.0,True,False,True,True,1,1,2
1066,False,True,2.0,True,False,True,True,1,1,2
1067,False,True,2.0,True,False,True,True,1,1,2
1068,False,True,2.0,True,False,True,True,1,1,2
1069,False,True,2.0,True,False,True,True,1,1,2
1070,False,True,2.0,True,False,True,True,1,1,2
1071,False,True,2.0,True,False,True,True,1,1,2
1072,False,True,2.0,True,False,True,True,1,1,2
1073,False,True,2.0,True,False,True,True,1,1,2
1074,False,True,2.0,True,False,True,True,1,1,2
1075,False,True,2.0,True,False,True,True,1,1,2
1076,False,True,2.0,True,False,True,True,1,1,2
1077,False,True,3.0,True,False,True,True,1,1,2
1078,False,True,3.0,True,False,True,True,1,1,2
1079,False,True,2.0,True,False,True,True,1,1,2
1080,False,True,2.0,True,False,True,True,1,1,2
1081,False,True,2.0,True,False,True,True,1,1,2
1082,False,True,2.0,True,False,True,True,1,1,2
1083,False,True,2.0,True,False,True,True,1,1,2
1084,False,True,2.0,True,False,True,True,1,1,2
1085,False,True,2.0,True,False,True,True,1,1,2
1086,False,True,2.0,True,False,True,True,1,1,2
1087,False,True,2.0,True,False,True,True,1,1,2
1088,False,True,2.0,True,False,True,True,1,1,2
1089,False,True,2.0,True,False,True,True,1,1,2
1090,False,True,2.0,True,False,True,True,1,1,2
1091,False,True,2.0,True,True,True,True,1,1,2
1092,False,True,2.0,True,True,True,True,1,1,2
1093,False,True,2.0,True,True,True,True,1,1,2
1094,False,True,2.0,True,True,True,True,1,1,2
1095,False,True,2.0,True,True,True,True,1,1,2
1096,False,True,2.0,True,True,True,True,1,1,2
1097,False,True,2.0,True,True,True,True,1,1,2
1098,False,True,2.0,True,True,True,True,1,1,2
1099,False,True,2.0,True,True,True,True,1,1,2
1100,False,True,2.0,True,True,True,True,1,1,2
1101,False,True,2.0,True,True,True,True,1,1,2
1102,False,True,2.0,True,True,True,True,1,1,2
1103,False,True,2.0,True,True,True,True,1,1,2
1104,False,True,2.0,True,True,True,True,1,1,2
1105,False,True,2.0,True,True,True,True,1,1,2
1106,False,True,2.0,True,True,True,True,1,1,2
1107,False,True,2.0,True,True,True,True,1,1,2
1108,False,True,2.0,True,True,True,True,1,1,2
1109,False,True,2.0,True,True,True,True,1,1,2
1110,False,True,2.0,True,True,True,True,1,1,2
1111,False,True,2.0,True,True,True,True,1,1,2
1112,False,True,2.0,True,True,True,True,1,1,2
1113,False,True,2.0,True,True,True,True,1,1,2
1114,False,True,2.0,True,True,True,True,1,1,2
1115,False,True,2.0,True,True,True,True,1,1,2
1116,False,True,2.0,True,True,True,True,1,1,2
1117,False,True,2.0,True,True,True,True,1,1,2
1118,False,True,2.0,True,True,True,True,1,1,2
1119,False,True,2.0,True,True,True,True,1,1,2
1120,False,True,2.0,True,True,True,True,1,1,2
1121,False,True,2.0,True,True,True,True,1,1,2
1122,False,True,2.0,True,True,True,True,1,1,2
1123,False,True,2.0,True,True,True,True,1,1,2
1124,False,True,2.0,True,True,True,True,1,1,2
1125,False,True,2.0,True,True,True,True,1,1,2
1126,False,True,2.0,True,True,True,True,1,1,2
1127,False,True,2.0,True,True,True,True,1,1,2
1128,False,True,2.0,True,True,True,True,1,1,2
1129,False,True,2.0,True,True,True,True,1,1,2
1130,False,True,2.0,True,True,True,True,1,1,2
1131,False,True,2.0,True,True,True,True,1,1,2
1132,False,True,2.0,True,True,True,True,1,1,2
1133,False,True,2.0,True,True,True,True,1,1,2
1134,False,True,2.0,True,True,True,True,1,1,2
1135,False,True,2.0,True,True,True,True,1,1,2
1136,False,True,2.0,True,True,True,True,1,1,2
1137,False,True,2.0,True,True,True,True,1,1,2
1138,False,True,2.0,True,True,True,True,1,1,2
1139,False,True,2.0,True,True,True,True,1,1,2
1140,False,True,2.0,True,True,True,True,1,1,2
1141,False,True,2.0,True,True,True,True,1,1,2
1142,False,True,2.0,True,True,True,True,1,1,2
1143,False,True,2.0,True,True,True,True,1,1,2
1144,False,True,2.0,True,True,True,True,1,1,2
1145,False,True,2.0,True,True,True,True,1,1,2
1146,False,True,2.0,True,True,True,True,1,1,2
1147,False,True,2.0,True,True,True,True,1,1,2
1148,False,True,2.0,True,True,True,True,1,1,2
1149,False,True,2.0,True,True,True,True,1,1,2
1150,False,True,2.0,True,True,True,True,1,1,2
1151,False,True,2.0,True,True,True,True,1,1,2
1152,False,True,2.0,True,True,True,True,1,1,2
1153,False,True,2.0,True,True,True,True,1,1,2
1154,False,True,2.0,True,True,True,True,1,1,2
1155,False,True,2.0,True,True,True,True,1,1,2
1156,False,True,2.0,True,True,True,True,1,1,2
1157,False,True,2.0,True,True,True,True,1,1,2
1158,False,True,2.0,True,True,True,True,1,1,2
1159,False,True,2.0,True,True,True,True,1,1,2
1160,False,True,2.0,True,True,True,True,1,1,2
1161,False,True,2.0,True,True,True,True,1,1,2
1162,False,True,2.0,True,True,True,True,1,1,2
1163,False,True,2.0,True,True,True,True,1,1,2
1164,False,True,2.0,True,True,True,True,1,1,2
1165,False,True,2.0,True,True,True,True,1,1,2
1166,False,True,2.0,True,True,True,True,1,1,2
1167,False,True,2.0,True,True,True,True,1,1,2
1168,False,True,2.0,True,True,True,True,1,1,2
1169,False,True,2.0,True,True,True,True,1,1,2
1170,False,True,2.0,True,True,True,True,1,1,2
1171,False,True,2.0,True,True,True,True,1,1,2
1172,False,True,2.0,True,True,True,True,1,1,2
1173,False,True,2.0,True,True,True,True,1,1,2
1174,False,True,2.0,True,True,True,True,1,1,2
1175,False,True,2.0,True,True,True,True,1,1,2
1176,False,True,2.0,True,True,True,True,1,1,2
1177,False,True,2.0,True,True,True,True,1,1,2
1178,False,True,2.0,True,True,True,True,1,1,2
1179,False,True,2.0,True,True,True,True,1,1,2
1180,False,True,2.0,True,True,True,True,1,1,2
1181,False,True,2.0,True,True,True,True,1,1,2
1182,False,True,2.0,True,True,True,True,1,1,2
1183,False,True,2.0,True,True,True,True,1,1,2
1184,False,True,2.0,True,True,True,True,1,1,2
1185,False,True,2.0,True,True,True,True,1,1,2
1186,False,True,2.0,True,True,True,True,1,1,2
1187,False,True,2.0,True,True,True,True,1,1,2
1188,False,True,2.0,True,True,True,True,1,1,2
1189,False,True,2.0,True,True,True,True,1,1,2
1190,False,True,2.0,True,True,True,True,1,1,2
1191,False,True,2.0,True,True,True,True,1,1,2
1192,False,True,2.0,True,True,True,True,1,1,2
1193,False,True,2.0,True,True,True,True,1,1,2
1194,False,True,2.0,True,True,True,True,1,1,2
1195,False,True,2.0,True,True,True,True,1,1,2
1196,False,True,2.0,True,True,True,True,1,1,2
1197,False,True,2.0,True,True,True,True,1,1,2
1198,False,True,2.0,True,True,True,True,1,1,2
1199,False,True,2.0,True,True,True,True,1,1,2
1200,False,True,2.0,True,True,True,True,1,1,2
1201,False,True,2.0,True,True,True,True,1,1,2
1202,False,True,2.0,True,True,True,True,1,1,2
1203,False,True,2.0,True,True,True,True,1,1,2
1204,False,True,2.0,True,True,True,True,1,1,2
1205,False,True,2.0,True,True,True,True,1,1,2
1206,False,True,2.0,True,True,True,True,1,1,2
1207,False,True,2.0,True,True,True,True,1,1,2
1208,False,True,2.0,True,True,True,True,1,1,2
1209,False,True,2.0,True,True,True,True,1,1,2
1210,False,True,2.0,True,True,True,True,1,1,2
1211,False,True,2.0,True,True,True,True,1,1,2
1212,False,True,2.0,True,True,True,True,1,1,2
1213,False,True,2.0,True,True,True,True,1,1,2
1214,False,True,2.0,True,True,True,True,1,1,2
1215,False,True,2.0,True,True,True,True,1,1,2
1216,False,True,2.0,True,True,True,True,1,1,2
1217,False,True,2.0,True,True,True,True,1,1,2
1218,False,True,2.0,True,True,True,True,1,1,2
1219,False,True,2.0,True,True,True,True,1,1,2
1220,False,True,2.0,True,True,True,True,1,1,2
1221,False,True,2.0,True,True,True,True,1,1,2
1222,False,True,2.0,True,True,True,True,1,1,2
1223,False,True,1.0,True,True,True,True,1,1,2
1224,False,True,2.0,True,True,True,True,1,1,2
1225,False,True,2.0,True,True,True,True,1,1,2
1226,False,True,2.0,True,True,True,True,1,1,2
1227,False,True,2.0,True,True,True,True,1,1,2
1228,False,True,2.0,True,True,True,True,1,1,2
1229,False,True,2.0,True,True,True,True,1,1,2
1230,False,True,2.0,True,True,True,True,1,1,2
1231,False,True,2.0,True,True,True,True,1,1,2
1232,False,True,2.0,True,True,True,True,1,1,2
1233,False,True,2.0,True,True,True,True,1,1,2
1234,False,True,2.0,True,True,True,True,1,1,2
1235,False,True,2.0,True,True,True,True,1,1,2
1236,False,True,2.0,True,True,True,True,1,1,2
1237,False,True,2.0,True,True,True,True,1,1,2
1238,False,True,2.0,True,True,True,True,1,1,2
1239,False,True,2.0,True,True,True,True,1,1,2
1240,False,True,2.0,True,True,True,True,1,1,2
1241,False,True,2.0,True,True,True,True,1,1,2
1242,False,True,2.0,True,True,True,True,1,1,2
1243,False,True,2.0,True,True,True,True,1,1,2
1244,False,True,2.0,True,True,True,True,1,1,2
1245,False,True,2.0,True,True,True,True,1,1,2
1246,False,True,2.0,True,True,True,True,1,1,2
1247,False,True,2.0,True,True,True,True,1,1,2
1248,False,True,2.0,True,True,True,True,1,1,2
1249,False,True,2.0,True,True,True,True,1,1,2
1250,False,True,2.0,True,True,True,True,1,1,2
1251,False,True,2.0,True,True,True,True,1,1,2
1252,False,True,2.0,True,True,True,True,1,1,2
1253,False,True,2.0,True,True,True,True,1,1,2
1254,False,True,2.0,True,True,True,True,1,1,2
1255,False,True,2.0,True,True,True,True,1,1,2
1256,False,True,2.0,True,True,True,True,1,1,2
1257,False,True,2.0,True,True,True,True,1,1,2
1258,False,True,2.0,True,True,True,True,1,1,2
1259,False,True,2.0,True,True,True,True,1,1,2
1260,False,True,2.0,True,True,True,True,1,1,2
1261,False,True,2.0,True,True,True,True,1,1,2
1262,False,True,2.0,True,True,True,True,1,1,2
1263,False,True,2.0,True,True,True,True,1,1,2
1264,False,True,2.0,True,True,True,True,1,1,2
1265,False,True,2.0,True,True,True,True,1,1,2
1266,False,True,2.0,True,True,True,True,1,1,2
1267,False,True,2.0,True,True,True,True,1,1,2
1268,False,True,2.0,True,True,True,True,1,1,2
1269,False,True,2.0,True,True,True,True,1,1,2
1270,False,True,2.0,True,True,True,True,1,1,2
1271,False,True,2.0,True,True,True,True,1,1,2
1272,False,True,2.0,True,True,True,True,1,1,2
1273,False,True,2.0,True,True,True,True,1,1,2
1274,False,True,2.0,True,True,True,True,1,1,2
1275,False,True,2.0,True,True,True,True,1,1,2
1276,False,True,2.0,True,True,True,True,1,1,2
1277,False,True,2.0,True,True,True,True,1,1,2
1278,False,True,2.0,True,True,True,True,1,1,2
1279,False,True,2.0,True,True,True,True,1,1,2
1280,False,True,2.0,True,True,True,True,1,1,2
1281,False,True,2.0,True,True,True,True,1,1,2
1282,False,True,2.0,True,True,True,True,1,1,2
1283,False,True,2.0,True,True,True,True,1,1,2
1284,False,True,2.0,True,True,True,True,1,1,2
1285,False,True,2.0,True,True,True,True,1,1,2
1286,False,True,2.0,True,True,True,True,1,1,2
1287,False,True,2.0,True,True,True,True,1,1,2
1288,False,True,2.0,True,True,True,True,1,1,2
1289,False,True,2.0,True,True,True,True,1,1,2
1290,False,True,2.0,True,True,True,True,1,1,2
1291,False,True,2.0,True,True,True,True,1,1,2
1292,False,True,2.0,True,True,True,True,1,1,2
1293,False,True,2.0,True,True,True,True,1,1,2
1294,False,True,2.0,True,True,True,True,1,1,2
1295,False,True,2.0,True,True,True,True,1,1,2
1296,False,True,2.0,True,True,True,True,1,1,2
1297,False,True,2.0,True,True,True,True,1,1,2
1298,False,True,2.0,True,True,True,True,1,1,2
1299,False,True,2.0,True,True,True,True,1,1,2
1300,False,True,2.0,True,True,True,True,1,1,2
1301,False,True,2.0,True,True,True,True,1,1,2
1302,False,True,2.0,True,True,True,True,1,1,2
1303,False,True,2.0,True,True,True,True,1,1,2
1304,False,True,2.0,True,True,True,True,1,1,2
1305,False,True,2.0,True,True,True,True,1,1,2
1306,False,True,2.0,True,True,True,True,1,1,2
1307,False,True,2.0,True,True,True,True,1,1,2
1308,False,True,2.0,True,True,True,True,1,1,2
1309,False,True,2.0,True,True,True,True,1,1,2
1310,False,True,2.0,True,True,True,True,1,1,2
1311,False,True,2.0,True,True,True,True,1,1,2
1312,False,True,2.0,True,True,True,True,1,1,2
1313,False,True,2.0,True,True,True,True,1,1,2
1314,False,True,2.0,True,True,True,True,1,1,2
1315,False,True,2.0,True,True,True,True,1,1,2
1316,False,True,2.0,True,True,True,True,1,1,2
1317,False,True,2.0,True,True,True,True,1,1,2
1318,False,True,2.0,True,True,True,True,1,1,2
1319,False,True,2.0,True,True,True,True,1,1,2
1320,False,True,2.0,True,True,True,True,1,1,2
1321,False,True,2.0,True,True,True,True,1,1,2
1322,False,True,2.0,True,True,True,True,1,1,2
1323,False,True,2.0,True,True,True,True,1,1,2
1324,False,True,2.0,True,True,True,True,1,1,2
1325,False,True,2.0,True,True,True,True,1,1,2
1326,False,True,2.0,True,True,True,True,1,1,2
1327,False,True,2.0,True,True,True,True,1,1,2
1328,False,True,2.0,True,True,True,True,1,1,2
1329,False,True,2.0,True,True,True,True,1,1,2
1330,False,True,2.0,True,True,True,True,1,1,2
1331,False,True,2.0,True,True,True,True,1,1,2
1332,False,True,2.0,True,True,True,True,1,1,2
1333,False,True,2.0,True,True,True,True,1,1,2
1334,False,True,2.0,True,True,True,True,1,1,2
1335,False,True,2.0,True,True,True,True,1,1,2
1336,False,True,2.0,True,True,True,True,1,1,2
1337,False,True,2.0,True,True,True,True,1,1,2
1338,False,True,2.0,True,True,True,True,1,1,2
1339,False,True,2.0,True,True,True,True,1,1,2
1340,False,True,1.0,True,True,True,True,1,1,2
1341,False,True,2.0,True,True,True,True,1,1,2
1342,False,True,2.0,True,True,True,True,1,1,2
1343,False,True,2.0,True,True,True,True,1,1,2
1344,False,True,2.0,True,True,True,True,1,1,2
1345,False,True,2.0,True,True,True,True,1,1,2
1346,False,True,2.0,True,True,True,True,1,1,2
1347,False,True,2.0,True,True,True,True,1,1,2
1348,False,True,2.0,True,True,True,True,1,1,2
1349,False,True,2.0,True,True,True,True,1,1,2
1350,False,True,2.0,True,True,True,True,1,1,2
1351,False,True,2.0,True,True,True,True,1,1,2
1352,False,True,2.0,True,True,True,True,1,1,2
1353,False,True,2.0,True,True,True,True,1,1,2
1354,False,True,2.0,True,True,True,True,1,1,2
1355,False,True,2.0,True,True,True,True,1,1,2
1356,False,True,2.0,True,True,True,True,1,1,2
1357,False,True,2.0,True,True,True,True,1,1,2
1358,False,True,2.0,True,True,True,True,1,1,2
1359,False,True,2.0,True,True,True,True,1,1,2
1360,False,True,2.0,True,True,True,True,1,1,2
1361,False,True,2.0,True,True,True,True,1,1,2
1362,False,True,2.0,True,True,True,True,1,1,2
1363,False,True,2.0,True,True,True,True,1,1,2
1364,False,True,2.0,True,True,True,True,1,1,2
1365,False,True,2.0,True,True,True,True,1,1,2
1366,False,True,2.0,True,True,True,True,1,1,2
1367,False,True,2.0,True,True,True,True,1,1,2
1368,False,True,2.0,True,True,True,True,1,1,2
1369,False,True,2.0,True,True,True,True,1,1,2
1370,False,True,2.0,True,True,True,True,1,1,2
1371,False,True,2.0,True,True,True,True,1,1,2
1372,False,True,2.0,True,True,True,True,1,1,2
1373,False,True,2.0,True,True,True,True,1,1,2
1374,False,True,2.0,True,True,True,True,1,1,2
1375,False,True,2.0,True,True,True,True,1,1,2
1376,False,True,2.0,True,True,True,True,1,1,2
1377,False,True,2.0,True,True,True,True,1,1,2
1378,False,True,2.0,True,True,True,True,1,1,2
1379,False,True,2.0,True,True,True,True,1,1,2
1380,False,True,2.0,True,True,True,True,1,1,2
1381,False,True,2.0,True,True,True,True,1,1,2
1382,False,True,2.0,True,True,True,True,1,1,2
1383,False,True,2.0,True,True,True,True,1,1,2
1384,False,True,2.0,True,False,True,True,1,1,2
1385,False,True,2.0,True,False,True,True,1,1,2
1386,False,True,2.0,True,False,True,True,1,1,2
1387,False,True,2.0,True,False,True,True,1,1,2
1388,False,True,2.0,True,False,True,True,1,1,2
1389,False,True,2.0,True,False,True,True,1,1,2
1390,False,True,2.0,True,False,True,True,1,1,2
1391,False,True,2.0,True,False,True,True,1,1,2
1392,False,True,2.0,True,False,True,True,1,1,2
1393,False,True,2.0,True,False,True,True,1,1,2
1394,False,True,2.0,True,False,True,True,1,1,2
1395,False,True,2.0,True,False,True,True,1,1,2
1396,False,True,2.0,True,False,True,True,1,1,2
1397,False,True,2.0,True,False,True,True,1,1,2
1398,False,True,2.0,True,False,True,True,1,1,2
1399,False,True,2.0,True,False,True,True,1,1,2
1400,False,True,2.0,True,False,True,True,1,1,2
1401,False,True,3.0,True,False,True,True,1,1,2
1402,False,True,1.0,True,False,True,True,1,1,2
1403,False,True,1.0,True,False,True,True,1,1,2
1404,False,True,1.0,True,False,True,True,1,1,2
1405,False,True,1.0,True,False,True,True,1,1,2
1406,False,True,1.0,True,False,True,True,1,1,2
1407,False,True,1.0,True,False,True,True,1,1,2
1408,False,True,1.0,True,False,True,True,1,1,2
1409,False,True,1.0,True,False,True,True,1,1,2
1410,False,True,1.0,True,False,True,True,1,1,2
1411,False,True,1.0,True,False,True,True,1,1,2
1412,False,True,1.0,True,False,True,True,1,1,2
1413,False,True,1.0,True,False,True,True,1,1,2
1414,False,True,1.0,True,False,True,True,1,1,2
1415,False,True,1.0,True,False,True,True,1,1,2
1416,False,True,1.0,True,False,True,True,1,1,2
1417,False,True,1.0,True,False,True,True,1,1,2
1418,False,True,1.0,True,False,True,True,1,1,2
1419,False,True,1.0,True,False,True,True,1,1,2
1420,False,True,1.0,True,False,True,True,1,1,2
1421,False,True,1.0,True,False,True,True,1,1,2
1422,False,True,2.0,True,False,True,True,1,1,2
1423,False,True,1.0,True,False,True,True,1,1,2
1424,False,True,2.0,True,False,True,True,1,1,2
1425,False,True,2.0,True,False,True,True,1,1,2
1426,False,True,1.0,True,False,True,False,1,-1,1
1427,False,True,1.0,True,False,True,False,1,-1,1
1428,False,True,1.0,True,False,True,False,1,-1,1
1429,False,True,1.0,True,False,True,False,1,-1,1
1430,False,True,1.0,True,False,True,False,1,-1,1
1431,False,True,1.0,True,False,True,False,1,-1,1
1432,False,True,1.0,True,False,True,False,1,-1,1
1433,False,True,1.0,True,False,True,False,1,-1,1
1434,False,True,1.0,True,False,True,False,1,-1,1
1435,False,True,1.0,True,False,True,False,1,-1,1
1436,False,True,1.0,True,False,True,False,1,-1,1
1437,False,True,1.0,True,False,True,False,1,-1,1
1438,False,True,1.0,True,False,True,False,1,-1,1
1439,False,True,1.0,True,False,True,False,1,-1,1
1440,False,True,1.0,True,False,True,False,1,-1,1
1441,False,True,1.0,True,False,True,False,1,-1,1
1442,False,True,1.0,True,False,True,False,1,-1,1
1443,False,True,1.0,True,False,True,False,1,-1,1
1444,False,True,1.0,True,False,True,False,1,-1,1
1445,False,True,1.0,True,False,True,False,1,-1,1
1446,False,True,1.0,True,False,True,False,1,-1,1
1447,False,True,1.0,True,False,True,False,1,-1,1
1448,False,True,1.0,True,False,True,False,1,-1,1
1449,False,True,1.0,True,False,True,False,1,-1,1
1450,False,True,1.0,True,False,True,False,1,-1,1
1451,False,True,1.0,True,False,True,False,1,-1,1
1452,False,True,1.0,True,False,True,False,1,-1,1
1453,False,True,1.0,True,False,True,False,1,-1,1
1454,False,True,1.0,True,False,True,False,1,-1,1
1455,False,True,1.0,True,False,True,False,1,-1,1
1456,False,True,1.0,True,False,True,False,1,-1,1
1457,False,True,1.0,True,False,True,False,1,-1,1
1458,False,True,1.0,True,False,True,False,1,-1,1
1459,False,True,1.0,True,False,True,False,1,-1,1
1460,False,True,0.0,True,False,True,False,1,-1,1
1461,False,True,0.0,True,False,True,False,1,-1,1
1462,False,True,0.0,True,False,True,False,1,-1,1
1463,False,True,0.0,True,False,True,False,1,-1,1
1464,False,True,1.0,True,False,True,False,1,-1,1
1465,False,True,1.0,True,False,True,False,1,-1,1
1466,False,True,1.0,True,False,True,False,1,-1,1
1467,False,True,1.0,True,False,True,False,1,-1,1
1468,False,True,1.0,True,False,True,False,1,-1,1
1469,False,True,1.0,True,False,True,False,1,-1,1
1470,False,True,1.0,True,False,True,False,1,-1,1
1471,False,True,1.0,True,False,True,False,1,-1,1
1472,False,True,1.0,True,False,True,False,1,-1,1
1473,False,True,1.0,True,False,True,False,1,-1,1
1474,False,True,1.0,True,False,True,False,1,-1,1
1475,False,True,1.0,True,False,True,False,1,-1,1
1476,False,True,1.0,True,False,True,False,1,-1,1
1477,False,True,1.0,True,False,True,False,1,-1,1
1478,False,True,1.0,True,False,True,False,1,-1,1
1479,False,True,1.0,True,False,True,False,1,-1,1
1480,False,True,1.0,True,False,True,False,1,-1,1
1481,False,True,1.0,True,False,True,False,1,-1,1
1482,False,True,1.0,True,False,True,False,1,-1,1
1483,False,False,1.0,False,False,True,False,0,-1,0
1484,False,False,1.0,False,False,True,False,0,-1,0
1485,False,False,1.0,False,False,True,False,0,-1,0
1486,False,False,1.0,False,False,True,False,0,-1,0
1487,False,False,1.0,False,False,True,False,0,-1,0
1488,False,False,1.0,False,False,True,False,0,-1,0
1489,False,False,1.0,False,False,True,False,0,-1,0
1490,False,False,1.0,False,False,True,False,0,-1,0
1491,False,False,1.0,False,False,True,False,0,-1,0
1492,False,False,1.0,False,False,True,False,0,-1,0
1493,False,False,1.0,False,False,True,False,0,-1,0
1494,False,False,1.0,False,False,True,False,0,-1,0
1495,False,False,1.0,False,False,True,False,0,-1,0
1496,False,False,1.0,False,False,True,False,0,-1,0
1497,False,False,1.0,False,False,True,False,0,-1,0
1498,False,False,1.0,False,False,True,False,0,-1,0
1499,False,False,1.0,False,False,True,False,0,-1,0
1500,False,False,1.0,False,False,True,False,0,-1,0
1501,False,False,1.0,False,False,True,False,0,-1,0
1502,False,False,2.0,False,False,True,False,0,-1,0
1503,False,False,0.0,False,False,True,False,0,-1,0
1504,False,False,0.0,False,False,True,False,0,-1,0
1505,False,False,1.0,False,False,True,False,0,-1,0
1506,False,False,0.0,False,False,True,False,0,-1,0
1507,False,False,0.0,False,False,True,False,0,-1,0
1508,False,False,0.0,False,False,True,False,0,-1,0
1509,False,False,0.0,False,False,True,False,0,-1,0
1510,False,False,1.0,False,False,True,False,0,-1,0
1511,False,False,1.0,False,False,True,False,0,-1,0
1512,False,False,1.0,False,False,True,False,0,-1,0
1513,False,False,1.0,False,False,True,False,0,-1,0
1514,False,False,1.0,False,False,True,False,0,-1,0
1515,False,False,2.0,False,False,True,False,0,-1,0
1516,False,False,3.0,False,False,True,False,0,-1,0
1517,False,False,1.0,False,False,True,False,0,-1,0
1518,False,False,0.0,False,False,True,False,0,-1,0
1519,False,False,3.0,False,False,True,False,0,-1,0
1520,False,False,1.0,False,False,True,False,0,-1,0
1521,False,False,1.0,False,False,True,False,0,-1,0
1522,False,False,1.0,False,False,True,False,0,-1,0
1523,False,False,1.0,False,False,True,False,0,-1,0
1524,False,False,2.0,False,False,True,False,0,-1,0
1525,False,False,3.0,False,False,True,False,0,-1,0
1526,False,False,2.0,False,False,True,False,0,-1,0
1527,False,False,1.0,False,False,True,False,0,-1,0
1528,False,False,1.0,False,False,True,False,0,-1,0
1529,False,False,2.0,False,False,True,True,0,1,0
1530,False,False,2.0,False,False,True,True,0,1,0
1531,False,False,5.0,False,False,True,True,0,1,0
1532,False,False,4.0,False,False,True,True,0,1,0
1533,False,False,2.0,False,False,True,True,0,1,0
1534,False,False,2.0,False,False,True,True,0,1,0
1535,False,False,2.0,False,False,True,True,0,1,0
1536,False,False,2.0,False,False,True,True,0,1,0
1537,False,False,1.0,False,False,True,True,0,1,0
1538,False,False,1.0,False,False,True,True,0,1,0
1539,False,False,1.0,False,False,True,True,0,1,0
1540,False,False,1.0,False,False,True,True,0,1,0
1541,False,False,1.0,False,False,True,True,0,1,0
1542,False,False,1.0,False,False,True,True,0,1,0
1543,False,False,1.0,False,False,True,True,0,1,0
1544,False,False,1.0,False,False,True,True,0,1,0
1545,False,False,1.0,False,False,True,True,0,1,0
1546,False,False,1.0,False,False,True,True,0,1,0
1547,False,False,2.0,False,False,True,True,0,1,0
1548,False,False,3.0,False,False,True,True,0,1,0
1549,False,False,3.0,False,False,True,True,0,1,0
1550,False,False,3.0,False,False,True,True,0,1,0
1551,False,False,3.0,False,False,True,True,0,1,0
1552,False,False,2.0,False,False,True,True,0,1,0
1553,False,False,2.0,False,False,True,True,0,1,0
1554,False,False,4.0,False,False,True,True,0,1,0
1555,False,True,3.0,True,False,True,True,1,1,2
1556,False,False,4.0,False,False,True,True,0,1,0
1557,False,True,4.0,True,False,True,True,1,1,2
1558,False,True,2.0,True,False,True,True,1,1,2
1559,False,True,4.0,True,False,True,True,1,1,2
1560,False,True,4.0,True,False,True,True,1,1,2
1561,False,True,4.0,True,False,True,True,1,1,2
1562,False,True,3.0,True,False,True,True,1,1,2
1563,False,True,4.0,True,False,True,True,1,1,2
1564,False,True,3.0,True,False,True,True,1,1,2
1565,False,True,4.0,True,False,True,True,1,1,2
1566,False,True,4.0,True,False,True,True,1,1,2
1567,False,True,4.0,True,False,True,True,1,1,2
1568,False,True,3.0,True,False,True,True,1,1,2
1569,False,True,4.0,True,False,True,True,1,1,2
1570,False,True,4.0,True,False,True,True,1,1,2
1571,False,True,4.0,True,False,True,True,1,1,2
1572,False,True,4.0,True,False,True,True,1,1,2
1573,False,True,3.0,True,False,True,True,1,1,2
1574,False,True,1.0,True,False,True,True,1,1,2
1575,False,True,4.0,True,False,True,True,1,1,2
1576,False,True,4.0,True,False,True,True,1,1,2
1577,False,True,2.0,True,False,True,True,1,1,2
1578,False,True,1.0,True,False,True,True,1,1,2
1579,False,True,2.0,True,False,True,True,1,1,2
1580,False,True,2.0,True,False,True,True,1,1,2
1581,False,True,2.0,True,False,True,True,1,1,2
1582,False,True,2.0,True,False,True,True,1,1,2
1583,False,True,1.0,True,False,True,True,1,1,2
1584,False,True,1.0,True,False,True,True,1,1,2
1585,False,True,1.0,True,False,True,True,1,1,2
1586,False,True,1.0,True,False,True,True,1,1,2
1587,False,True,1.0,True,False,True,True,1,1,2
1588,False,True,1.0,True,False,True,True,1,1,2
1589,False,True,1.0,True,False,True,True,1,1,2
1590,False,True,1.0,True,False,True,True,1,1,2
1591,False,True,1.0,True,False,True,True,1,1,2
1592,False,True,1.0,True,False,True,True,1,1,2
1593,False,True,1.0,True,False,True,True,1,1,2
1594,False,True,1.0,True,False,True,True,1,1,2
1595,False,True,1.0,True,False,True,True,1,1,2
1596,False,False,2.0,False,False,True,True,0,1,0
1597,False,False,2.0,False,False,True,True,0,1,0
1598,False,False,2.0,False,False,True,True,0,1,0
1599,False,False,3.0,False,False,True,True,0,1,0
1600,False,False,2.0,False,False,True,True,0,1,0
1601,False,False,3.0,False,False,True,True,0,1,0
1602,False,False,4.0,False,False,True,True,0,1,0
1603,False,False,2.0,False,False,True,True,0,1,0
1604,False,False,3.0,False,False,True,True,0,1,0
1605,False,False,2.0,False,False,True,True,0,1,0
1606,False,False,3.0,False,False,True,True,0,1,0
1607,False,False,4.0,False,False,True,True,0,1,0
1608,False,False,4.0,False,False,True,True,0,1,0
1609,False,False,2.0,False,False,True,True,0,1,0
1610,False,False,3.0,False,False,True,True,0,1,0
1611,False,False,3.0,False,False,True,True,0,1,0
1612,False,False,3.0,False,False,True,True,0,1,0
1613,False,False,3.0,False,False,True,True,0,1,0
1614,False,False,3.0,False,False,True,True,0,1,0
1615,False,False,4.0,False,False,True,True,0,1,0
1616,False,False,3.0,False,False,True,False,0,-1,0
1617,False,False,1.0,False,False,True,False,0,-1,0
1618,False,False,1.0,False,False,True,False,0,-1,0
1619,False,False,1.0,False,False,True,False,0,-1,0
1620,False,False,1.0,False,False,True,False,0,-1,0
1621,False,False,1.0,False,False,True,False,0,-1,0
1622,False,False,1.0,False,False,True,False,0,-1,0
1623,False,False,1.0,False,False,True,False,0,-1,0
1624,False,False,1.0,False,False,True,False,0,-1,0
1625,False,False,1.0,False,False,True,False,0,-1,0
1626,False,False,1.0,False,False,True,False,0,-1,0
1627,False,False,1.0,False,False,True,False,0,-1,0
1628,False,False,1.0,False,False,True,False,0,-1,0
1629,False,False,1.0,False,False,True,False,0,-1,0
1630,False,False,1.0,False,False,True,False,0,-1,0
1631,False,False,1.0,False,False,True,False,0,-1,0
1632,False,False,1.0,False,False,True,False,0,-1,0
1633,False,False,1.0,False,False,True,False,0,-1,0
1634,False,False,1.0,False,False,True,False,0,-1,0
1635,False,False,1.0,False,False,True,False,0,-1,0
1636,False,False,1.0,False,False,True,False,0,-1,0
1637,False,False,1.0,False,False,True,False,0,-1,0
1638,False,False,1.0,False,False,True,False,0,-1,0
1639,False,False,1.0,False,False,True,False,0,-1,0
1640,False,False,1.0,False,False,True,False,0,-1,0
1641,False,False,1.0,False,False,True,False,0,-1,0
1642,False,False,1.0,False,False,True,False,0,-1,0
1643,False,False,1.0,False,False,True,False,0,-1,0
1644,False,False,1.0,False,False,True,False,0,-1,0
1645,False,False,1.0,False,False,True,False,0,-1,0
1646,False,False,1.0,False,False,True,False,0,-1,0
1647,False,False,1.0,False,False,True,False,0,-1,0
1648,False,False,1.0,False,False,True,False,0,-1,0
1649,False,False,1.0,False,False,True,False,0,-1,0
1650,False,False,1.0,False,False,True,False,0,-1,0
1651,False,False,1.0,False,False,True,False,0,-1,0
1652,False,False,1.0,False,False,True,False,0,-1,0
1653,False,False,1.0,False,False,True,False,0,-1,0
1654,False,False,0.0,False,False,True,False,0,-1,0
1655,False,False,1.0,False,False,True,False,0,-1,0
1656,False,False,1.0,False,False,True,False,0,-1,0
1657,False,False,1.0,False,False,True,False,0,-1,0
1658,False,False,0.0,False,False,True,False,0,-1,0
1659,False,False,1.0,False,False,True,False,0,-1,0
1660,False,False,1.0,False,False,True,False,0,-1,0
1661,False,False,0.0,False,False,True,False,0,-1,0
1662,False,False,0.0,False,False,True,False,0,-1,0
1663,False,False,0.0,False,False,True,False,0,-1,0
1664,False,False,0.0,False,False,True,False,0,-1,0
1665,False,False,0.0,False,False,True,False,0,-1,0
1666,False,False,1.0,False,False,True,False,0,-1,0
1667,False,False,1.0,False,False,True,False,0,-1,0
1668,False,False,0.0,False,False,True,False,0,-1,0
1669,False,False,0.0,False,False,True,False,0,-1,0
1670,False,False,0.0,False,False,True,False,0,-1,0
1671,False,False,1.0,False,False,True,False,0,-1,0
1672,False,False,1.0,False,False,True,False,0,-1,0
1673,False,False,1.0,False,False,True,False,0,-1,0
1674,False,False,1.0,False,False,True,False,0,-1,0
1675,False,False,1.0,False,False,True,False,0,-1,0
1676,False,False,1.0,False,False,True,False,0,-1,0
1677,False,False,0.0,False,False,True,False,0,-1,0
1678,False,False,0.0,False,False,True,False,0,-1,0
1679,False,False,0.0,False,False,True,False,0,-1,0
1680,False,False,0.0,False,False,True,False,0,-1,0
1681,False,False,0.0,False,False,True,False,0,-1,0
1682,False,False,0.0,False,False,True,False,0,-1,0
1683,False,False,0.0,False,False,True,False,0,-1,0
1684,False,False,0.0,False,False,True,False,0,-1,0
1685,False,False,0.0,False,False,True,False,0,-1,0
1686,False,False,0.0,False,False,True,False,0,-1,0
1687,False,False,0.0,False,False,True,False,0,-1,0
1688,False,False,0.0,False,False,True,False,0,-1,0
1689,False,False,0.0,False,False,True,False,0,-1,0
1690,False,False,0.0,False,False,True,False,0,-1,0
1691,False,False,0.0,False,False,True,False,0,-1,0
1692,False,False,0.0,False,False,True,False,0,-1,0
1693,False,False,0.0,False,False,True,False,0,-1,0
1694,False,False,0.0,False,False,True,False,0,-1,0
1695,False,False,0.0,False,False,True,False,0,-1,0
1696,False,False,1.0,False,False,True,False,0,-1,0
1697,False,False,0.0,False,False,True,False,0,-1,0
1698,False,False,0.0,False,False,True,False,0,-1,0
1699,False,False,0.0,False,False,True,False,0,-1,0
1700,False,False,0.0,False,False,True,False,0,-1,0
1701,False,False,0.0,False,False,True,False,0,-1,0
1702,False,False,0.0,False,False,True,False,0,-1,0
1703,False,False,0.0,False,False,True,False,0,-1,0
1704,False,False,0.0,False,False,True,False,0,-1,0
1705,False,False,0.0,False,False,True,False,0,-1,0
1706,False,False,0.0,False,False,True,False,0,-1,0
1707,False,False,0.0,False,False,True,False,0,-1,0
1708,False,False,1.0,False,False,True,False,0,-1,0
1709,False,False,1.0,False,False,True,False,0,-1,0
1710,False,False,1.0,False,False,True,False,0,-1,0
1711,False,False,1.0,False,False,True,False,0,-1,0
1712,False,False,1.0,False,False,True,False,0,-1,0
1713,False,False,1.0,False,False,True,False,0,-1,0
1714,False,False,1.0,False,False,True,False,0,-1,0
1715,False,True,1.0,True,False,True,False,1,-1,1
1716,False,True,1.0,True,False,True,False,1,-1,1
1717,False,True,1.0,True,False,True,False,1,-1,1
1718,False,True,1.0,True,False,True,False,1,-1,1
1719,False,True,1.0,True,False,True,False,1,-1,1
1720,False,True,1.0,True,False,True,False,1,-1,1
1721,False,True,1.0,True,False,True,False,1,-1,1
1722,False,True,1.0,True,False,True,False,1,-1,1
1723,False,True,1.0,True,False,True,False,1,-1,1
1724,False,True,1.0,True,False,True,False,1,-1,1
1725,False,True,1.0,True,False,True,False,1,-1,1
1726,False,True,1.0,True,False,True,False,1,-1,1
1727,False,True,1.0,True,False,True,False,1,-1,1
1728,False,True,1.0,True,False,True,False,1,-1,1
1729,False,True,1.0,True,False,True,False,1,-1,1
1730,False,False,1.0,False,False,True,False,0,-1,0
1731,False,False,1.0,False,False,True,False,0,-1,0
1732,False,False,1.0,False,False,True,False,0,-1,0
1733,False,False,1.0,False,False,True,False,0,-1,0
1734,False,False,1.0,False,False,True,False,0,-1,0
1735,False,False,1.0,False,False,True,False,0,-1,0
1736,False,False,1.0,False,False,True,False,0,-1,0
1737,False,False,1.0,False,False,True,False,0,-1,0
1738,False,False,1.0,False,False,True,False,0,-1,0
1739,False,False,1.0,False,False,True,False,0,-1,0
1740,False,False,1.0,False,False,True,False,0,-1,0
1741,False,False,1.0,False,False,True,False,0,-1,0
1742,False,False,1.0,False,False,True,False,0,-1,0
1743,False,False,1.0,False,False,True,False,0,-1,0
1744,False,False,1.0,False,False,True,False,0,-1,0
1745,False,False,1.0,False,False,True,False,0,-1,0
1746,False,False,1.0,False,False,True,False,0,-1,0
1747,False,False,1.0,False,False,True,False,0,-1,0
1748,False,False,1.0,False,False,True,False,0,-1,0
1749,False,False,1.0,False,False,True,False,0,-1,0
1750,False,False,1.0,False,False,True,False,0,-1,0
1751,False,False,1.0,False,False,True,False,0,-1,0
1752,False,False,1.0,False,False,True,False,0,-1,0
1753,False,False,1.0,False,False,True,False,0,-1,0
1754,False,False,1.0,False,False,True,False,0,-1,0
1755,False,False,1.0,False,False,True,False,0,-1,0
1756,False,False,1.0,False,False,True,False,0,-1,0
1757,False,False,3.0,False,False,True,True,0,1,0
1758,False,False,2.0,False,False,True,False,0,-1,0
1759,False,False,1.0,False,False,True,True,0,1,0
1760,False,False,1.0,False,False,True,True,0,1,0
1761,False,False,1.0,False,False,True,True,0,1,0
1762,False,False,2.0,False,False,True,True,0,1,0
1763,False,False,2.0,False,False,True,True,0,1,0
1764,False,False,1.0,False,False,True,True,0,1,0
1765,False,False,2.0,False,False,True,True,0,1,0
1766,False,False,2.0,False,False,True,True,0,1,0
1767,False,False,1.0,False,False,True,True,0,1,0
1768,False,False,1.0,False,False,True,True,0,1,0
1769,False,False,1.0,False,False,True,True,0,1,0
1770,False,False,2.0,False,False,True,True,0,1,0
1771,False,False,1.0,False,False,True,True,0,1,0
1772,False,False,2.0,False,False,True,True,0,1,0
1773,False,False,2.0,False,False,True,True,0,1,0
1774,False,False,2.0,False,False,True,True,0,1,0
1775,False,False,2.0,False,False,True,True,0,1,0
1776,False,False,1.0,False,False,True,False,0,-1,0
1777,False,False,1.0,False,False,True,False,0,-1,0
1778,False,False,1.0,False,False,True,False,0,-1,0
1779,False,False,1.0,False,False,True,False,0,-1,0
1780,False,False,1.0,False,False,True,False,0,-1,0
1781,False,False,1.0,False,False,True,False,0,-1,0
1782,False,False,1.0,False,False,True,False,0,-1,0
1783,False,False,0.0,False,False,True,False,0,-1,0
1784,False,False,0.0,False,False,True,False,0,-1,0
1785,False,False,1.0,False,False,True,False,0,-1,0
